LEANDRAx;LxPEZ;1062009097;colm.ball@gmail.com;?(r!qmF4;1;1;1
SEVERO;CEVALLOS;1061488761;exnxvhn8irvkguly9eo@ymail.com;Z{.)G^5p;2;2;1
LUCHO;BALCAZAR;1062671573;oluwadamilare.jackson@outlook.com;Xp+[4LMJ;3;3;1
MAT?AS;CAMPOS;1061459326;e5a5hc60y4r@comcast.net;j?mLu9Dd;4;3;1
MAURICIO;C?RDENAS;1061900854;kensey.carr@msn.com;qVKGG{D4;5;4;1
ISAURA;VILLAVICENCIO;1061393503;6u7p1rlkh6f6ooy5@ymail.com;@Nyj>N7A;6;4;1
SORAYA;NOVILLO;1061126447;levon.sims@aol.com;s9A_[9U+;7;4;1
VICTORIANO;PEREZ;1062769245;kbdpqy39iupx1g@comcast.net;96}V[2@d;8;4;1
NIDIA;MORALES;1062242074;josese.montoya@outlook.com;f8WDupm);9;5;1
TE?FILA;I?IGUEZ;1062984567;5rr3nkv0tkyh5xm3@msn.com;T.2de2bv;10;5;0
TRINI;CHUCHUCA;1062556449;alastair.hess@googlemail.com;L7V(xTaD;11;5;1
DANI;MARTINEZ;1061400268;40aunwqpf49470ybenb@outlook.com;PG4{b(V4;12;5;0
ANGELINA;MONTALVO;1062578324;peiyan.mcleod@msn.com;G(^6a934;13;5;0
SAMUEL;COBOS;1061828030;omyz6zmszasfyw@outlook.com;f?Rz_7Fq;14;5;0
JACINTA;PAZMI?O;1061115723;eriz.vaughn@ymail.com;ZFVwe}+4;15;5;1
LISANDRO;GARC?A;1062014913;elgx7yp3zura@comcast.net;+g{2_tEN;16;5;1
SAMANTA;LOPEZ;1062882760;wiktor.keller@yahoo.com;KnvN@8TP;17;5;1
ALBANO;ORTEGA;1062500248;drj99pyrud3lqg1tt@hotmail.com;6**aQSQw;18;5;1
ABEL;CABEZAS;1062692061;cullen.hess@aol.com;X(^4REAt;19;5;0
BIENVENIDA;NARVAEZ;1062665584;m46ljvok75swh83ay@comcast.net;qG55RPg+;20;5;1
PATRICIO;SAGUAY;1062836359;eadie.glass@gmail.com;TcxxE9)3;21;5;1
MODESTO;L?PEZ;1062622947;gw29q8mwvea18xmb2@googlemail.com;!NyP8Cah;22;5;1
BERTO;GUARACA;1062696639;danish.hyde@msn.com;.WRaaM6r;23;5;1
NURIA;ARCOS;1061168992;ndjzhmvl9qrky5zg6mtq@aol.com;_)F3u(?9;24;5;1
ANASTASIA;PANCHEZ;1062897751;uilleam.colon@yahoo.com;Mwz3$kE+;25;5;1
PURIFICACI?N;MASACHE;1062714156;fougpncqndjnvcuc5@ymail.com;d!KXbH&3;26;5;1
MELANIA;CAJAS;1062280126;gio.ruiz@aol.com;8w)C!Q7U;27;5;1
EVANGELINA;VALENCIA;1062990027;835dgpssome6ytzcg2hi@yahoo.com;?-4gs>@L;28;5;1
OTILIA;ROMERO;1061666881;rhett.woodard@yahoo.com;b>!8F3}[;29;5;1
NADIA;ANDRADE;1061914043;1874xm2uf4hay@comcast.net;XXM^9gq{;30;5;1
MIREIA;CHICAIZA;1062082836;mael.schneider@yahoo.com;7?-9cDps;31;5;0
MELISA;GUASCA;1062660892;nuqdgc3robchyl2@rediffmail.com;G-7$F*sh;32;5;1
TRINI;MENA;1062977081;olaf.swanson@yahoo.com;e@ktY4%z;33;5;0
LUC?A;LARA;1061185073;uhm1ugkxcgjhmof@hotmail.com;+nC&/zP3;34;5;0
NATALIO;CA?AR;1062146486;kiyonari.mcguire@outlook.com;85^U_yPa;35;5;0
NEREA;LLERENA;1061175215;60iwrjy5jj@ymail.com;ekn+5ZR_;36;5;1
GRACIA;CARRION;1062676824;rihards.riggs@googlemail.com;JBJJ6*r!;37;5;1
TO?O;PAREDES;1062531426;10k28h1egvk3sl0@aol.com;Mk9}sPv7;38;5;1
C?NDIDA;SU?REZ;1061210021;nihal.morton@ymail.com;B)]h(7-g;39;5;1
EUTIMIO;MONTENEGRO;1062992860;26yzsc0wacnqny@ymail.com;L43Q($6d;40;5;0
ROSARIO;MACIAS;1061659688;fyfe.frye@aol.com;WqM5q8*d;41;5;1
ENCARNACION;DE;1062976898;x2ut2f02ey3prt@googlemail.com;E}gL!9Jk;42;5;1
MAGDALENA;MURILLO;1061376380;dylan-patrick.odom@rediffmail.com;=[!M$t5/;43;5;1
ADELARDO;LUIS;1062472368;w3s8k426gueps8qtk@msn.com;vd_-+W[2;44;5;1
ADORACI?N;ORD??EZ;1061539674;finn.gallegos@googlemail.com;>h27THM(;45;5;1
OVIDIO;FRANCO;1062425291;pj5baqub66hyiycc8wii@comcast.net;eA6HB(Kr;46;5;1
REYES;REDROBAN;1062192901;edward.bowers@googlemail.com;^}MNF8r*;47;5;1
ADORACI?N;SUAREZ;1062440256;udh2nvv18n5baq8jovr3@msn.com;VRJL6}ev;48;5;1
PL?CIDO;RIZZO;1062848254;eduardo.ratliff@aol.com;Y7=TqJR/;49;5;1
ABEL;SORNOZA;1061982987;0254a3dpr2eursw4@ymail.com;D2Jv{7{8;50;5;1
MIGUELA;ROMERO;1062454209;tieran.kramer@msn.com;]..=3qyR;51;5;1
NARCISA;BANEGAS;1062829669;moi9bp9bjydsurv27@yahoo.com;>Xj*M[3X;52;5;0
LEONARDO;PLAZA;1061804614;pieter.hendricks@msn.com;]s2&%Hv5;53;5;1
JAVIERA;BLAKMAN;1062372047;q2wkr51rcc8@gmail.com;+3$mkY%6;54;5;0
MAR?A;CHOEZ;1062938912;ismail.fuentes@yahoo.com;VWFTgu]3;55;5;0
AD?N;LAINEZ;1062287262;j4uwf64pjeqm@msn.com;q$fx75AR;56;5;0
ADALBERTO;DE;1061478678;uri.day@msn.com;)XHx5p}A;57;5;1
ROSALINDA;MACIO;1061954030;87mels6uao3ybfrwap@yahoo.com;fL6+R&vs;58;5;1
ABIGA?L;YAGUAL;1061948144;tisloh.greer@hotmail.com;2?fe7W!S;59;5;1
?FRICA;LINDAO;1061800084;kcxhosx9zq9nxttsrg@outlook.com;uaX{w?J5;60;5;1
GILBERTO;VITERI;1062591846;baley.payne@aol.com;3Udn5^_m;61;5;0
MARISELA;VACA;1062250961;upx4n3a4eid1@outlook.com;pk6)6sCU;62;5;1
BEGO?A;ROMERO;1062714736;braeden.giles@aol.com;]n--_9]X;63;5;1
MARCOS;MOLINA;1062489986;g4rk2ulkotc5bw5@yahoo.com;bwbV(3-y;64;5;1
VENCESL?S;VALAREZO;1061968639;anir.wilkerson@aol.com;y]b6Q$aN;65;5;1
FEBE;GARCIA;1062628781;plr1trbwy6@yahoo.com;c88Gt!_!;66;5;1
QUIRINO;CENTENO;1061804782;dante.hunt@aol.com;y^2!Zu+];67;5;1
IMELDA;LUNA;1061698876;u4q55zsovbh@rediffmail.com;S4!4Kc%J;68;5;1
ISIDORA;JORDAN;1062973553;sahil.blackwell@msn.com;YP6eMMc?;69;5;1
BALDUINO;RUILOVA;1062456419;gzunni3avyq5xhrphrdc@rediffmail.com;{22bPJL_;70;5;1
CASANDRA;SANTOS;1062913243;mitchel.craig@gmail.com;%!=s7-fV;71;5;1
EUSTAQUIO;ARIAS;1061201167;r9ma5pyue7helccwjdah@gmail.com;w8nQ-U_3;72;5;1
ELVIRA;TRIVI?O;1062926845;msughter.ramirez@aol.com;>*8{VfPr;73;5;0
P?A;MERO;1061408271;r4xdu6cemzjflp7b@rediffmail.com;(7g+)L$k;74;5;1
ALBERTO;COLOMA;1062494993;kensey.ellison@comcast.net;RV2p%!R7;75;5;0
SOL;ESCALANTE;1062884298;us90k9grpcso@gmail.com;@9*x+A^q;76;5;0
GUIOMAR;CUVI;1061532192;zaki.payne@aol.com;nRFL]}/8;77;5;0
NIDIA;FRIERE;1061987520;45o1cozlm7oglbaqx9@googlemail.com;[Y8Lw)9u;78;5;1
EMPERATRIZ;MERO;1062747252;jiao.mendoza@comcast.net;]3J*jFXR;79;5;1
XIMENA;CHANDI;1061400191;w1j29xruxd3t2@outlook.com;f992]XXF;80;5;1
EUGENIO;NAVARRO;1062391293;suheyb.mcbride@ymail.com;NaXNu4-h;81;5;1
FELICIA;REINA;1062891360;wg8vpgs6k5dp@googlemail.com;jP+Dn8UN;82;5;0
ABEL;GUAMAN;1061994446;jameel.mercer@ymail.com;!sRU8_[J;83;5;1
ANDR?S;SOL?RZANO;1062819831;3u6zcff3vstsujbot0w@comcast.net;2xX(C+V$;84;5;1
JORDI;LOOR;1062352970;richard.daniels@aol.com;J/aG3z?J;85;5;1
RICARDA;ORTEGA;1062031803;geizo3gett9qu@comcast.net;_WBM+$r3;86;5;1
SOCORRO;CHAMORRO;1062483411;tristan.walker@gmail.com;[r/L6+Nv;87;5;1
ASUNCI?N;MORA;1062532351;2sfr1agbdhps@ymail.com;Dt6)a9Jd;88;5;1
JES?S;VILLACRESES;1062596300;sol.lang@outlook.com;VvNW@jm8;89;5;1
TEODOSIO;PE?AFIEL;1061231284;l9zgnaycn4ciqo@msn.com;H/}2[@zN;90;5;1
SUSANA;DELGADO;1061647468;cuillin.walter@rediffmail.com;W(aYS6a6;91;5;1
ABILIO;MENDOZA;1062791663;js43ccp6jpofw@googlemail.com;v$8cuE9&;92;5;1
ADORA;PILAY;1061284258;darius.brewer@hotmail.com;D.k5wDnK;93;5;1
PRIMITIVO;GONZALEZ;1061250638;gxf2vkiqkg8yslumlnw@gmail.com;RdcdQ[3H;94;5;0
DELFINA;RIVADENEIRA;1061898753;yves.rowe@gmail.com;+RM}LBb5;95;5;1
JULIO;VILLAVICENCIO;1062881775;0anl9ylevujbhxw6akk@aol.com;{L4zwBUz;96;5;0
CINTIA;JATIVA;1061963206;callan-adam.velez@aol.com;Q_s>3ZT9;97;5;0
FORTUNATA;R?OS;1061889624;cdgfx8a28xy8d43bg6@googlemail.com;}&jQq4.&;98;5;0
LILIA;RAM?REZ;1062235055;kames.delgado@yahoo.com;Yqc3%>/%;99;5;1
PILI;VALLEJO;1062824106;56xqb11azl2rvpawdp@comcast.net;.eD>4NdJ;100;5;1
ESTRELLA;Y?NEZ;1061468082;shyam.hebert@outlook.com;bs//P5-V;101;5;1
MAR?A;TORRES;1062280686;1b97y9lm2y@comcast.net;$=Ue45Gt;102;5;1
VIOLETA;MACAS;1062327464;daegyu.valdez@msn.com;A65BH2.t;103;5;0
RUBEN;GOYES;1061306926;qqn7lgnz4lv@comcast.net;u8nHr%aX;104;5;1
MANOLA;NIETO;1061268047;aditya.wade@outlook.com;neX/+XC5;105;5;1
RITA;AGUILAR;1061214870;ejg7idxlxmchttj@gmail.com;j/HP6mYR;106;5;1
DANIELA;MORENO;1061353922;korrin.kemp@ymail.com;vVp>2xkh;107;5;1
NICOLASA;PRADO;1062566427;kl5a62hwwlwb@googlemail.com;Jm4z([pU;108;5;1
JONATAN;LUNA;1061458597;rasmus.ortega@outlook.com;gPS>5cTy;109;5;1
JOSE;VARGAS;1062091075;w6as44cr5pk@aol.com;K]EK[Dc5;110;5;1
SAMANTA;FIGUEROA;1061532676;jules.cohen@rediffmail.com;Dd=DV2zL;111;5;1
EMILIA;MARQUEZ;1062416119;cpe1012m0tw3@msn.com;}cb9$S_5;112;5;1
ESTEBAN;ALMEIDA;1062121288;zishan.eaton@msn.com;A8vz}TkU;113;5;1
JOSU?;REYES;1062766631;h3pff5cgohj3n2lux@rediffmail.com;E58>k6>/;114;5;1
ENCARNACI?N;CARRION;1061631329;aristomenis.good@yahoo.com;T%q>]6je;115;5;0
CELIA;VISCAINO;1061806340;g6jbkmr48i3ewj1@hotmail.com;F.d@GDQ7;116;5;1
ESPIRIDI?N;ESCOBAR;1061658309;miles.barrett@yahoo.com;L6X_vkJ);117;5;0
MELANIA;SUAREZ;1061987632;ydmjrzt6vx0h@outlook.com;5AqT@6V(;118;5;0
SOSIMO;HERNANDEZ;1061583474;anees.garrison@comcast.net;?R??M3fE;119;5;0
ABEL;MINA;1062981724;33c99lim68a8lcs@comcast.net;M5x@7+_4;120;5;1
ALICIA;SANCH?Z;1062436996;xida.workman@comcast.net;7A_BX.yh;121;5;1
CONRADO;SUAREZ;1061915821;g0fxvbhyg56q6zhaxr26@yahoo.com;z/7CC2yk;122;5;1
LEONCIO;COBA;1062800474;berkay.reyes@ymail.com;fqqP3^rH;123;5;1
MARCIA;VERDESOTO;1062278193;xysrvk1piozn@hotmail.com;L6$f8>%^;124;5;0
AURELIA;TAPIA;1062343184;zayn.buckley@googlemail.com;pP6&d^Nw;125;5;1
PORFIRIO;GARCIA;1062946002;2avk6chh6g7u9wt07519@outlook.com;Qc>s4N.);126;5;1
MARISTELA;MERA;1062804472;abdulkhader.fowler@ymail.com;wZ=)_y8[;127;5;1
LETICIA;BALDEON;1062349530;en9xpsaold@msn.com;uJ9^K2G5;128;5;1
R?GULO;DOM?INGUEZ;1062323275;austen.shannon@aol.com;]AYr.?T8;129;5;1
ESTEBAN;MIJAS;1062087647;qfory6va9d34ceo8p@googlemail.com;ub8-C9X[;130;5;1
TRINIDAD;AGUAS;1062726498;sol.brennan@hotmail.com;tA}BA7kM;131;5;1
P?NFILO;CORONEL;1061798475;oi175ikhxdy@rediffmail.com;#¿NOMBRE?;132;5;1
GLAUCO;NAULA;1062071568;saghun.walter@msn.com;$Zy%rw49;133;5;1
SUSANITA;CAYAMBE;1061557325;rzge7uk22f@ymail.com;!z$L]228;134;5;1
ILEANA;PE?AFIEL;1061341060;asim.guy@googlemail.com;ghdPX$2.;135;5;1
CHUS;DELGADO;1061887120;yucmw1jj8gglb7isy6fk@hotmail.com;^6A9/t?);136;5;0
CARMINA;MENDOZA;1062204541;taiwo.winters@yahoo.com;&8@8Dk@];137;5;1
CURRO;PILAY;1062881461;59t905gndf@ymail.com;t27zT!gZ;138;5;0
MARIO;GONZALEZ;1061947358;neo.sears@msn.com;Vh}u5J!&;139;5;0
JESUSA;RIVADENEIRA;1062302970;chwcs7q40vz39gsfewwd@googlemail.com;GU4p9_2A;140;5;0
?SCAR;VILLAVICENCIO;1062721110;kaydn.bridges@gmail.com;M*H6f(v);141;5;1
ANGELINO;JATIVA;1062900559;06utom0g2xwtm6@hotmail.com;^X5YwMbA;142;5;1
RAFA;R?OS;1062662129;kenton.snow@comcast.net;7Pn&[w4a;143;5;1
AURA;RAM?REZ;1062448550;kdeszlq4or3@rediffmail.com;Q9L(!QJa;144;5;1
LARA;VALLEJO;1062662123;latif.sullivan@yahoo.com;nU2%rEYE;145;5;0
AN?BAL;Y?NEZ;1061273479;plcimo8fqjgfz56pxoi@msn.com;H=@ZaMJ6;146;5;1
ADRIANA;TORRES;1061118699;niall.sears@aol.com;bX3L]A*y;147;5;1
ERNESTO;MACAS;1061889848;t48pso2xdfyhyie241pu@googlemail.com;J!jvv=6a;148;5;1
ESTELA;GOYES;1062447015;kedrick.battle@ymail.com;>yXWLD7h;149;5;1
LUIS;NIETO;1062528389;skatcea5f6h3uojsd@ymail.com;Ma%ps9e6;150;5;1
ELPIDIO;AGUILAR;1062545371;ruaraidh.cabrera@comcast.net;=m^8KwP3;151;5;1
MAR?A;MORENO;1062675349;wksrafda59k0e@ymail.com;$)2u$Yy/;152;5;1
LUCAS;PRADO;1062057410;deon.callahan@hotmail.com;9kmMY=k5;153;5;1
GERARDO;LUNA;1061594416;j7vwrebhhs4c0zqe5@msn.com;&tkkn$6B;154;5;1
EL?AS;VARGAS;1062038781;sol.kline@outlook.com;S=W(xuE3;155;5;1
VICTORIANO;FIGUEROA;1062087661;u5re3kxb4h@googlemail.com;#¡CAMPO!;156;5;1
VERA;MARQUEZ;1061769903;kelum.vazquez@yahoo.com;/j6Yx4qp;157;5;0
LIGIA;ALMEIDA;1061925298;ukcuni4po5muirrv00@rediffmail.com;{X{5xxgn;158;5;1
EVANGELINA;REYES;1062538114;kian-james.fitzgerald@gmail.com;*.?BnW/4;159;5;0
FLORENCIA;CARRION;1061462251;b3fcuvl5at6os@hotmail.com;Pp@x3-?y;160;5;0
JAVIER;VISCAINO;1062615655;oluwatoni.schroeder@ymail.com;]h%3?w^B;161;5;0
AURELIA;ESCOBAR;1062867776;d7o0oatebvy7nv@aol.com;E]n9_(TH;162;5;1
TEODORA;SUAREZ;1062573883;stuart.park@hotmail.com;^5Kb8reU;163;5;1
CORNELIO;HERNANDEZ;1061903602;fk8xejyl7q@msn.com;6%XBkqyr;164;5;1
CARLA;MINA;1061518131;harish.cole@yahoo.com;{A4bjC-Z;165;5;1
MACARENA;SANCH?Z;1062175950;ksibx90o0hoaq@msn.com;Tk/zb]/4;166;5;0
JACINTA;SUAREZ;1061655960;rajab-ali.gross@outlook.com;/*a>PxL6;167;5;1
VICTOR;COBA;1061204118;vtp5xatlmjomuj8vl7u@comcast.net;QN^7^tBA;168;5;1
BLANCA;VERDESOTO;1062690144;brajan.ayers@msn.com;(NFG6$x7;169;5;1
JONATAN;TAPIA;1062994633;q62sf7b8zaz50ro@rediffmail.com;fj6EAL++;170;5;1
HUMBERTO;GARCIA;1062191609;iagan.shields@rediffmail.com;6Cexc}rX;171;5;1
ISAURA;MERA;1062278005;k541gdakvl6g1y21@googlemail.com;xSeqf^)8;172;5;1
RUFINA;BALDEON;1062433737;john-scott.hale@aol.com;R$x_X3!g;173;5;1
REINALDO;DOM?INGUEZ;1062893079;ddp4r603felkjw8h0b@outlook.com;k(DX.?X6;174;5;1
JOSE;MIJAS;1061354344;daood.kirby@rediffmail.com;q8G&VwRY;175;5;1
ROBERTO;AGUAS;1061114884;7e4ac91v9jvs6mne@comcast.net;b9&@HdYd;176;5;1
R?MULO;CORONEL;1062883823;mohammad.foster@rediffmail.com;LH=c]4a};177;5;1
GAST?N;NAULA;1062494770;6xt4kw3jvzththnf5t@rediffmail.com;J[XQ6xcd;178;5;0
EMILIA;CAYAMBE;1061315490;vinay.bauer@rediffmail.com;b)5H6vby;179;5;1
CALIXTO;GONZ?LEZ;1061592963;jivc7fcmfsia@comcast.net;T-L3Zj/(;180;5;0
CIRO;TRUJILLO;1061371539;malcolm.beasley@ymail.com;z3PE!4NF;181;5;0
DORA;CAMPOVERDE;1061129389;v3ojr5pttue@rediffmail.com;A_+2NpVq;182;5;0
JUAN;MENDIETA;1061989036;adam-james.macdonald@outlook.com;f.uA.+Y6;183;5;1
NARCISO;MOLINA;1062899045;7i2qryl8tyc@hotmail.com;_ahMM=4(;184;5;1
MARTIRIO;PESANTEZ;1061263658;hussnain.frederick@hotmail.com;acz7^JFA;185;5;1
MAXIMILIANO;JARA;1061433578;cs72le8ssawp2m0n9@gmail.com;P6gCfM.m;186;5;1
NOA;CABRERA;1061333558;umer.decker@gmail.com;e9/$2ZkX;187;5;0
MIGUEL;HARRIS;1061734671;06k52xa4zuid7@aol.com;R(}5jH}.;188;5;1
GALA;I?IGUEZ;1061204648;raheem.maynard@gmail.com;ey95Kww-;189;5;1
SATURNINO;SERRANO;1061791125;jc9vv2rgriw88cj2@comcast.net;9vK(WJHb;190;5;1
ARIEL;CEPEDA;1061989122;dregan.palmer@googlemail.com;{3TqdU5j;191;5;1
TRINIDAD;APONTE;1062831106;4biuqo0npd5pts9c9i2t@aol.com;@}bJRc4t;192;5;1
ADALBERTO;VELOZ;1062377302;mustafa.frost@yahoo.com;5rB6V/Mj;193;5;1
EUSTAQUIO;ARREGUI;1061221031;afork3j89dud08twp3@ymail.com;/R2gYQrJ;194;5;1
SUSANA;GARC?A;1061621047;zaid.craig@msn.com;Yj)%Zd8s;195;5;1
EMELINA;BRAVO;1061496414;pmj0ojoqbpwp9vn7n8yu@aol.com;7sLhjN&a;196;5;1
SANDALIO;VINTIMILLA;1062278718;husnain.weaver@comcast.net;2W!][D!k;197;5;1
GREGORIO;VELASCO;1062449039;pj9epd5ab39xw29b@ymail.com;/5)>qNsU;198;5;1
SOCORRO;CALVACHI;1061580308;shea.hendricks@hotmail.com;dbFCV3>!;199;5;0
OTILIA;SANAGUANO;1061158386;wzg7lvsui08h0@googlemail.com;5uG(6(Uw;200;5;1
LU?S;MONTERO;1062755361;daniels.compton@gmail.com;jPXTF^5G;201;5;0
JULIE;CU?AS;1062473200;rt6719p3pbuh@googlemail.com;bYL>t8Xd;202;5;0
SAMU;CABEZAS;1061700112;joel.stephens@googlemail.com;TQNqf[5L;203;5;0
VICENTE;HERNANDEZ;1062440643;k41l59z7vx@hotmail.com;%r3tHJnT;204;5;1
JUAN;ALVARADO;1062704199;kyle.parrish@msn.com;bh5Z^CnF;205;5;1
CARLA;LOGRO?O;1061896095;75g9d052q5w8i0ti088h@msn.com;^@Nr4]Rc;206;5;1
TORIBIO;CUVI?A;1062014611;ashton.pratt@gmail.com;t9+!J@4S;207;5;1
AM?RICA;PACHECO;1062453075;hd3cuiabp7ez5w@yahoo.com;Nrz6V9f];208;5;0
IN?S;SOTO;1061366834;laison.phillips@aol.com;ts/Yy@u2;209;5;1
TRINIDAD;RONQUILLO;1062087921;0dv7uv3uvdoclkwab@gmail.com;9yTn*q_n;210;5;1
LUISA;TULMO;1062893946;kier.green@outlook.com;}nH[>t8!;211;5;1
YAGO;ZAPATA;1062758954;avvvpc64tio03focrv4i@outlook.com;3s2SA@!t;212;5;1
ALBERTO;VALENCIA;1061596677;d'arcy.levine@googlemail.com;*eeTc9/n;213;5;1
BEATRIZ;CAISALITIN;1062717444;8pvbzcjuw7@rediffmail.com;@7[+Lc/4;214;5;1
ADOLFO;VARGAS;1062500115;norman.chan@gmail.com;r%4Ssw@b;215;5;1
TE?FILO;C?RDOVA;1061850425;le5bjvk205ozm@aol.com;Q-quu6mR;216;5;1
BRUNO;LUCAS;1062334057;sukhi.gibbs@msn.com;dZc+=37e;217;5;1
PEPE;PINEDA;1061779603;hhsy8wq2c58r@comcast.net;9MnY)X?H;218;5;1
ISABELA;ESPINOZA;1062812526;kirk.lucas@aol.com;Uj)RH89c;219;5;1
AMAYA;YANEZ;1061444911;3gaxc4saw8oxwmp@msn.com;qU{bb9%a;220;5;0
GERVASIO;RING;1061711890;bo.farrell@gmail.com;cVY$mKm7;221;5;1
ISAAC;CALVACHE;1062225901;182ij1oa1z0cv53@gmail.com;J9X&L]gS;222;5;0
VALERIO;ENRIQUE;1061331024;mac.griffin@aol.com;fM2(=_!b;223;5;0
CLETO;ALEM?N;1062413300;lxvbwtgg6wijovl@hotmail.com;)7jFwq+H;224;5;0
ERASMO;PICO;1062277094;kile.flynn@comcast.net;keE9N@H{;225;5;1
QUIRINO;BECERRA;1061619589;34kfs27b8d4xk8orb@hotmail.com;}F!nVa3M;226;5;1
MARCOS;VELASQUEZ;1062409106;dre.chen@outlook.com;gk&)9tCp;227;5;1
PALOMA;GONZALEZ;1062559409;42ih3v2pcpysl12l8a@googlemail.com;yG4)[[he;228;5;1
ANA;MORAN;1061842340;marzuq.dorsey@outlook.com;8V/{)whV;229;5;0
ESTELA;ZAVALA;1062708031;gift8i8pb7e@outlook.com;waB]d4[?;230;5;1
BORJA;ANDRADE;1062972033;craig.stephenson@comcast.net;qCF>gkA4;231;5;1
EVA;GALARZA;1062938114;2zy238vyesix3gul355h@ymail.com;r/+4rHjn;232;5;1
ELENA;BRIONES;1061561325;darrel.christensen@aol.com;at5=F2w);233;5;1
IV?N;CAICEDO;1062640809;vlhutj81jv@aol.com;tSA^6SUz;234;5;1
ADELINA;LANDI;1062155496;flynn.neal@outlook.com;Pw=2G=Fg;235;5;1
JOEL;SOUSA;1062540082;j1gg2gnxjx4k0b@googlemail.com;s8z$Q[%m;236;5;1
?RSULA;CUEVA;1061582653;avi.maldonado@msn.com;**376V&n;237;5;1
MANUELITA;ARREAGA;1062925803;0m2t74f63hn@googlemail.com;Hjsq?_8*;238;5;1
AMPARO;GONZALEZ;1061676054;caleb.arnold@hotmail.com;Er7CW5$>;239;5;1
AMPARO;TORRES;1061317176;qvrozw9347l1ap72al9@msn.com;3!x+^HZ&;240;5;1
ANG?LICA;NU?EZ;1062426136;ceirin.sweet@comcast.net;G+6R[cDT;241;5;0
AMALIA;DELGADO;1061660239;r8h6my0dnaviiu8@outlook.com;a)Vzv8Xf;242;5;1
AM?RICA;LOPEZ;1061207149;kameron.meyers@gmail.com;!xH9rgfg;243;5;0
ELISA;LINGEN;1062245000;jtg0erxzyfx8jw8gk6@comcast.net;>Lt4Q-g?;244;5;0
NIEVES;ANCHUNDIA;1062451117;kenzy.burris@aol.com;.(w!8%Jr;245;5;0
JUAN;MENDOZA;1061613015;j50xjonk2bwvqbtwpx@googlemail.com;vuwM9]vx;246;5;1
GUSTAVO;VELIZ;1062989507;kyren.buckley@googlemail.com;d@nW/9&9;247;5;1
ELIANA;MEDINA;1062691281;zjosjkaa4czwenzfks@aol.com;xXh-}@!7;248;5;1
DALILA;ELIZALDE;1062220842;kiya.alston@outlook.com;M6f7w>DC;249;5;1
MARCIANO;BALON;1062786062;aoh8c1czg5b0s00x@ymail.com;qSXN-_K6;250;5;0
TIMOTEO;CEDE?O;1062333887;reis.mercer@ymail.com;au*xJv5L;251;5;1
MALENA;BONILLA;1062013037;t7g9ecdby5vl7@gmail.com;y3K=ADK=;252;5;1
SILVIA;DELGADO;1062201491;lael.reeves@outlook.com;s5pB]ABn;253;5;1
EMA;CARRASCO;1061481765;tpqe9gkh11ke6dxkrl2k@hotmail.com;[/Ze)2V!;254;5;1
EVA;HERNANDEZ;1061864741;adenn.bean@rediffmail.com;+L4Eq]XT;255;5;1
EUTROPIO;SANTACRUZ;1062970628;sdfbbyv7p7i23k@comcast.net;2CfC%^t/;256;5;1
DAFNE;ALMEIDA;1062514629;samarjit.holt@aol.com;3/KxELL3;257;5;1
?SCAR;O?A;1061782347;mkxfp1gl95ynw7@comcast.net;x?tx[J8(;258;5;1
CATALINA;ULCUANGO;1061841102;alistair.jacobs@rediffmail.com;3+HP/ddR;259;5;1
B?RBARA;VILLAC?S;1062201949;whmd5i60e3l6ur17@aol.com;x9Vxt{n?;260;5;1
LORETO;NARV?EZ;1061819951;matthew.griffin@hotmail.com;UcWaB=2_;261;5;1
ESTELA;GUAMAN;1062610892;l5p1tixz3060qr@ymail.com;8s>gAka8;262;5;0
PALOMA;SALINAS;1062880657;camron.roman@rediffmail.com;s-3SvCt/;263;5;1
CLAUDIO;SEGOVIA;1061523958;qrlchgpwxf2lbu@outlook.com;^?7qD.GB;264;5;0
JOSEFINA;CEVALLOS;1062454441;zein.chan@yahoo.com;G/36]FMu;265;5;0
NILDA;CEDE?O;1062374574;jtz2s2ng5dpsvejsik@rediffmail.com;wE6*aJg$;266;5;0
GREGORIO;PE?ARRITA;1061887598;maksim.mclaughlin@googlemail.com;Rv.>eR8C;267;5;1
EDMUNDO;GARCIA;1062015173;zhgrn5er867harrcf406@comcast.net;u9Eb8Dk};268;5;1
AMAYA;RUIZ;1061783243;haydn.daniels@msn.com;VZXv{w9v;269;5;1
NACIO;RODRIGUEZ;1061849715;06j6309hz22nd3@rediffmail.com;F2grT!hZ;270;5;1
DAMI?N;RAMOS;1061845030;rioden.vasquez@hotmail.com;_&(2Mkwb;271;5;0
MARCELA;TEJENA;1062015960;b3djsxk7gkfxdkyb9z@rediffmail.com;sj26LZ-B;272;5;1
REINA;SANCHEZ;1061692011;kurt.huffman@outlook.com;&z*S8>=K;273;5;1
ISA;TORRES;1062196261;nw13t9fc12r5upmrya@ymail.com;b+9b(%HU;274;5;1
MORENA;ORELLANA;1061261337;marcin.poole@msn.com;+6f(s?M6;275;5;1
ODALYS;REYES;1061850405;b923j1k5ehw2k@rediffmail.com;8Xcx=xJ};276;5;1
EMMA;MERCHAN;1061141909;kylian.schmidt@aol.com;EWwx9N+B;277;5;1
SEVE;ROSALES;1062818098;imld1u20brkk@aol.com;7Z+P4Ec!;278;5;1
MONTSERRAT;ARISTIZ?BAL;1062290202;miles.ellis@googlemail.com;FKBC-M2h;279;5;1
ILDEFONSO;L?PEZ;1062753264;l9iwhhyl0xhe8cxhbzjo@hotmail.com;{5k@gZ3J;280;5;1
LIGIA;FLORES;1061848556;diarmuid.mathews@aol.com;4YF+-q@B;281;5;1
SARITA;CHULDE;1062977536;w2sdjk6i2f3yavncga@hotmail.com;93u=)5XE;282;5;1
TIMOTEO;AGUILAR;1061362300;kenton.tyler@gmail.com;(+c7Um/?;283;5;0
ESTER;SUAREZ;1062225717;ai5w5b5slwdf6vpzty@rediffmail.com;.Cf.2(}j;284;5;1
ROSENDA;VITERI;1062683814;kaleem.bray@yahoo.com;Q7_W][Jb;285;5;0
ARIEL;NEGRETE;1061625824;yvcivn77w8@comcast.net;^Wga4n+@;286;5;0
JULIANA;S?NCHEZ;1062546170;rodrigo.mathis@hotmail.com;wM?n2]F+;287;5;0
CATALINA;SANCHEZ;1061841561;vbf6a9m2afl8amii9@hotmail.com;V)?7sn}h;288;5;1
SUSANITA;CAIZA;1061112625;loui.butler@rediffmail.com;WB.pF?3a;289;5;1
DIMAS;CEPEDA;1061240797;0ocziry4qra@aol.com;?DFMw2{w;290;5;1
ANABEL;MANTILLA;1061433999;cyrus.salazar@gmail.com;v2}KVPT{;291;5;1
NADIA;SHAP?N;1061184936;1twusm0idmq80dn42d@hotmail.com;y2T_]x}_;292;5;0
M?XIMO;GARCES;1061340086;justin.bishop@comcast.net;KgY-R%P8;293;5;1
GALA;VILLAVICENCIO;1061907477;w07e9qmw5sy0ta@outlook.com;T[/5.[qy;294;5;1
AMANCIO;BURGOS;1061625331;cobain.miller@ymail.com;nexNt]L3;295;5;1
C?SAR;PAREDES;1062290252;d47vs3ayz2c94rzhow3r@rediffmail.com;dFAv4P^8;296;5;1
BR?GIDA;CRUZ;1062613775;farhan.edwards@msn.com;x{8!8qA8;297;5;1
VITO;PINOS;1061702356;ghfil9h8cnnqe769r@yahoo.com;S*cb7NpS;298;5;1
NAYARA;D;1062889067;prentice.charles@yahoo.com;mU6?82XA;299;5;1
ISIDORO;D?AZ;1062622025;ts3z1j6xmd@yahoo.com;-$zEae^8;300;5;1
VICENTE;SALAZAR;1061760733;mohammed.potter@yahoo.com;Ly8[+}-n;301;5;1
SANDALIO;P?REZ;1061955562;l4mjtb470qju9k@hotmail.com;A4tNpY$U;302;5;1
ELODIA;MOREIRA;1061398952;jaime.walker@msn.com;HS5e!=QM;303;5;1
FELIPE;RAMIREZ;1061962202;fhq3c2ahft45@yahoo.com;F4^!esc];304;5;0
ANA;BENITEZ;1061154943;abdihakim.daniel@googlemail.com;xd}QL8Dp;305;5;1
MARISELA;CEDE?O;1061916938;rcfc7ojw022dhr3t@hotmail.com;aC*dGNx7;306;5;0
JESUSA;LOZA;1062863486;laird.alexander@comcast.net;-^JgHVn7;307;5;0
ALONSO;BERR?;1061116325;62i11h2lh313mc33e2@googlemail.com;_tsT_.5m;308;5;0
FILOMENA;CASTILLO;1062363416;brandyn.sims@gmail.com;Dv]>UE)8;309;5;1
CRIST?BAL;ORTIZ;1062643408;nxfaxm1z5fyc9cse2q4p@gmail.com;5)(jXhdD;310;5;1
MARIBEL;SALGUERO;1061273772;abel.olsen@aol.com;V7d/y9]M;311;5;1
MAYTE;MULLO;1061426151;xgne2wgc5poa0yvnx@aol.com;2y.XjUbG;312;5;1
REMIGIO;BADILLO;1062555862;didier.velasquez@yahoo.com;[r2VfX3M;313;5;0
VANESA;RUIZ;1061207392;7g1v8hx5tzlh5@ymail.com;5w[[C7kb;314;5;1
MARISTELA;RODRIGUEZ;1061223214;dillon.calhoun@yahoo.com;}6.F^3Ae;315;5;1
MANUELITA;RAMOS;1062465582;tttzbsl1vsnatd53fs93@hotmail.com;6yxaR$*[;316;5;1
BORJA;TEJENA;1061569683;sonni.frazier@comcast.net;?L-27yH*;317;5;1
CLOTILDE;SANCHEZ;1061901562;avz2htekwqekbw@outlook.com;xV)Qf5{j;318;5;1
OLIMPIA;TORRES;1061990448;eli.colon@outlook.com;rjb[VXM8;319;5;1
RUB?N;ORELLANA;1062890600;2cuothebqdixbo@outlook.com;Nqg7{2C%;320;5;1
?DGAR;REYES;1061597090;lennen.sherman@rediffmail.com;T27%AhWW;321;5;1
LUNA;MERCHAN;1062620193;nm2hp7zr6a@aol.com;mS4{KvUp;322;5;1
ELADIO;ROSALES;1061266112;orin.ewing@googlemail.com;b}P)@h45;323;5;1
GISELA;ARISTIZ?BAL;1061119079;huo7dg0e3oqfvgl@comcast.net;.7f{>Gz.;324;5;1
NICANOR;L?PEZ;1061399306;brendyn.tucker@yahoo.com;AkX7%L=@;325;5;0
ROSARIO;FLORES;1062238194;xe9jjj5zto391c7avt9f@hotmail.com;r]NrT67T;326;5;1
GLORIA;CHULDE;1061162992;jazib.petersen@gmail.com;8zVwPL*/;327;5;0
ALEXANDRA;AGUILAR;1061547720;o8uubeslm0qt8yfv0h@hotmail.com;?jZ6$-!7;328;5;0
LUCHO;SUAREZ;1061156684;anton.bass@aol.com;%5q5fSvu;329;5;0
LOLA;VITERI;1062688587;9w1splrjj2bn2ub21@gmail.com;Gd6J)Y(P;330;5;1
ALEJANDRA;NEGRETE;1061186503;edwin.cannon@googlemail.com;Wx^4.g>K;331;5;1
CRISTINA;S?NCHEZ;1062426887;v6q45678692emsrp@comcast.net;*_23v+MP;332;5;1
DESIDERIO;SANCHEZ;1062084685;raegan.hall@gmail.com;gZH7zSv(;333;5;1
N?LIDA;CAIZA;1062744066;j0ziiubr9ocue9rxhrz@outlook.com;kKJQ]4H6;334;5;0
?UREA;CEPEDA;1062216891;daumantas.romero@gmail.com;s*F>7t$k;335;5;1
BIBIANA;MANTILLA;1061269299;k0gq5l2oogl@googlemail.com;?N4&p(*w;336;5;1
MARCOS;SHAP?N;1061303308;taonga.holmes@comcast.net;8&cXG6M&;337;5;1
SOLEDAD;GARCES;1061629327;iemhn1z2w6ker2jel@ymail.com;RZQ$w2(+;338;5;1
RODOLFO;VILLAVICENCIO;1061190444;colvin.schultz@msn.com;ZF}M4XqS;339;5;1
CAROLINA;BURGOS;1062894699;0iaqqs15cv@msn.com;]f9.8uXT;340;5;1
ELADIO;PAREDES;1062563184;macaully.cardenas@hotmail.com;}j6U]?z(;341;5;1
IRENE;CRUZ;1062375394;kfof0pgw3f@gmail.com;TSwm+s7A;342;5;1
YAGO;PINOS;1062267840;kodie.sweeney@msn.com;.e5=Uj6f;343;5;1
HERN?N;RIVERA;1062256384;v7b9ls0abxc9@outlook.com;5*J[^hjv;344;5;1
DAR?O;D?AZ;1062906423;callan.humphrey@comcast.net;}4$7Q*r!;345;5;1
ELI;SALAZAR;1062741235;hej0oos6lm2v73a45g@hotmail.com;X@JUfa5V;346;5;0
REMEDIOS;P?REZ;1061825946;ryaan.adkins@googlemail.com;!CSF5Qn?;347;5;1
TELMO;MOREIRA;1062796086;v2eqmpnsamegg@msn.com;ngC6QpA};348;5;0
JOSE;RAMIREZ;1062899754;devyn.golden@hotmail.com;nY8?m!/*;349;5;0
MAXIMILIANO;BENITEZ;1061827800;bdv36g13fhalfj@rediffmail.com;8XD^&py2;350;5;0
SEVE;CEDE?O;1061966227;lisandro.hester@aol.com;w>M47=eG;351;5;1
PONCIO;LOZA;1061911772;ho58obzi47mq@rediffmail.com;=?[k6Wr&;352;5;1
ABRIL;BERR?;1062317433;jonah.ruiz@comcast.net;#¿NOMBRE?;353;5;1
ALONDRA;CASTILLO;1062813634;0ezb8cn4f5@comcast.net;3->&3p.F;354;5;1
NANDO;ORTIZ;1062706214;rhoridh.zimmerman@aol.com;6{fc@VBL;355;5;0
SORAYA;SALGUERO;1062677129;gkc17px8ao@comcast.net;5tVWcQ{X;356;5;1
TERESITA;MULLO;1062023675;roray.oneil@yahoo.com;bSN8y}TC;357;5;1
IGNACIO;BADILLO;1061383683;el3a1rbx6q0@hotmail.com;E7_/p.Cq;358;5;1
ISABEL;P?REZ;1062899003;colum.bridges@ymail.com;vs7&APaF;359;5;1
LIGIA;GARC?A;1062256456;zrmuzupal0g0@gmail.com;{tCf]uv3;360;5;1
SIM?N;RODR?GUEZ;1061374381;satveer.barnett@aol.com;2=VAxuZ9;361;5;1
CHUS;MART?NEZ;1062847511;1j81vw7618dv8r4pq1@ymail.com;W>*Z77h/;362;5;1
?NGELES;S?NCHEZ;1061664508;scott-alexander.mcpherson@rediffmail.com;LP5(@6Wn;363;5;1
BENITO;CASTELLANOS;1061841221;wj4p3345sqt@googlemail.com;D[Zz)]8F;364;5;1
AMAYA;CASAS;1061989076;kaidinn.dillard@msn.com;F*4z6^xf;365;5;1
BEATRIZ;GUTIERREZ;1062937560;ofpx3b5bh7gjv75b@ymail.com;d7Q24y2_;366;5;1
AM?LCAR;GONZ?LEZ;1061968225;kian.finch@gmail.com;f4XNy$?y;367;5;0
SEVE;AGUST?;1061574903;bh5iiszjkwyn10kggaol@comcast.net;UPWT[q!3;368;5;1
FRANCISCO;PINTOR;1061827405;arann.wise@googlemail.com;[Ga!6ds];369;5;0
ERASMO;MOR?N;1062181832;v0eoncnmqcqzu3zr@gmail.com;YP5Nm9+];370;5;0
OCTAVIO;CALVET;1061892594;humza.shaffer@gmail.com;^5Ag8PH!;371;5;0
CAMILA;LARA;1061425878;midn7bwdn6tx1@hotmail.com;/-p3>CD3;372;5;1
?UREA;NICOLAU;1062777347;rihab.perry@gmail.com;BzSKp}^4;373;5;1
CARINA;AMOR?S;1061134141;ruzqg8d6bn63x2@googlemail.com;Y^2{Ae.6;374;5;1
YAGO;MART?;1062732762;urban.bolton@gmail.com;*g%KZ2_M;375;5;1
ANTONIO;TUDELA;1062475676;s79qghndkxi0@hotmail.com;8gbPp$jn;376;5;0
JOSE;BLAZQUEZ;1062678446;declan.mays@msn.com;8+*Mv-Zp;377;5;1
DULCE;VILLAVERDE;1061452817;d67pfn1rga@rediffmail.com;jc6dR8m>;378;5;1
CRUZ;GIMENEZ;1061788327;abu.dejesus@yahoo.com;=_P-$3z^;379;5;1
FABIO;MARQU?S;1062780257;fvj9hq47tx3vj7lc@googlemail.com;4!wMd6GG;380;5;1
NAYARA;DOM?NGUEZ;1061848305;lachlan.roach@hotmail.com;$ZLT8dFU;381;5;1
MIGUEL;POL;1061815744;grty8n0a58fycduio@hotmail.com;P(9FXTs?;382;5;1
ILDEFONSO;GARMENDIA;1062862387;mohd.rice@rediffmail.com;Y{*!qn7h;383;5;1
JOSE;RAYA;1061649214;adxh3eui3j7jgyf59y@outlook.com;vvCA=hn7;384;5;1
MAR?A;VALENZUELA;1062919147;sajjad.kinney@rediffmail.com;Ct>Y6Tt3;385;5;1
MAMEN;VILAR;1062352279;x3mlhki6jx7yyu02@aol.com;eGsx^8Sy;386;5;1
AMBROSIO;TALAVERA;1062741064;cahl.garcia@googlemail.com;N*]w6cs6;387;5;1
JOAN;GUZMAN;1062666665;whuu4wxu4fm@gmail.com;cn.h5Vj+;388;5;0
VASCO;PONS;1061748309;zennon.wallace@msn.com;Q.3npGpY;389;5;1
LEIRE;MADRIGAL;1061289464;i10q10oajfmsfvppew3n@comcast.net;k}p?d5fZ;390;5;0
FELIX;ROSALES;1062092455;sami.santana@outlook.com;b9Xz?5KB;391;5;0
GLORIA;PUENTE;1061654791;xyqcbyq2lfg4mp3@rediffmail.com;L6bkvtp^;392;5;0
ELIANA;BL?ZQUEZ;1061484071;robin.cooper@aol.com;Td66F{HD;393;5;1
LILIANA;SOLANA-TORRIJOS;1061822741;ai1rzonf65bewsofi39@googlemail.com;Qs?{m9]y;394;5;1
TOMASA;OCHOA;1061913120;modu.reynolds@outlook.com;>j@^=uZ2;395;5;1
JOS?;BOLA?OS;1061868377;9wdctw28amxal@msn.com;DM}fpt2F;396;5;1
P?O;DIEZ;1061411694;kyren.buchanan@outlook.com;5m]E@p/$;397;5;0
AMELIA;POU;1061622155;qciyph9ygm7l6a@googlemail.com;d4qv*yJ/;398;5;1
ROBERTA;GUARDIOLA;1061447896;corrie.mejia@outlook.com;ugd/5NzH;399;5;1
PRIMITIVO;F?BREGAS;1061687514;89q1ckeqktykionca19@yahoo.com;32L(xgL@;400;5;1
BENIGNO;REDONDO;1061384465;muhammad.tillman@ymail.com;!4wws@RM;401;5;1
REYNA;SACRIST?N;1062923458;omiwj80s9zw214c4v9h4@gmail.com;BgXA*2t!;402;5;1
OLIVIA;MARISCAL;1062137586;blyth.huffman@gmail.com;C_jn3gSB;403;5;1
ISAAC;DURAN;1061883880;croim745zma@gmail.com;FQm3/Xp+;404;5;1
ASDRUBAL;GRAU;1062029955;talha.grimes@outlook.com;6UxSx9_j;405;5;1
ALEXANDRA;VALDERRAMA;1062199730;8jxpcn6rb3xm2kbr1@ymail.com;t3?A]tBm;406;5;1
CALISTO;ALCOLEA;1062139397;conli.stafford@yahoo.com;@eW7rGC_;407;5;1
GRACIANA;REVILLA;1061626009;bvwxw418ud7t10pf33jm@comcast.net;&tR%g5}e;408;5;1
MAYTE;FAJARDO;1062764073;yanick.ramsey@msn.com;#¿NOMBRE?;409;5;0
MAR?A;MANZANARES;1061794773;oqsmxjrg01pk871jf56@gmail.com;xW3w%(Ww;410;5;1
FEDERICO;FLOR;1061610829;benn.blevins@rediffmail.com;!8X=4p-];411;5;0
PAC?FICA;VARGAS;1062199448;ahfl9szortjt@aol.com;VARh>a6t;412;5;0
ROSA;DELIA;1062602129;munmair.lawrence@gmail.com;D9Fz_srU;413;5;0
MARTIRIO;AGUIL?;1062881961;tlwr1cgdpd@aol.com;d94{c)NG;414;5;1
RUY;DE;1062174519;corrie.roach@gmail.com;s@t=fH9j;415;5;1
FELISA;SALAS;1061173821;fat8w155x6w@msn.com;Q^C@=8x!;416;5;1
ANSELMA;TOLOSA;1061918730;coby.keller@gmail.com;c7fpbfV!;417;5;1
LINO;BARBA;1062810470;jyyv6bp7j8@aol.com;w&A375Q@;418;5;0
SANDRA;FERNANDEZ;1062187315;darrie.roman@comcast.net;5uCv+js};419;5;1
FEDERICO;MULET;1062875812;l3es7x0xby@yahoo.com;u55Lu>ux;420;5;1
ARISTIDES;LLABR?S;1061996966;timothy.hines@rediffmail.com;f@cpz4GS;421;5;1
CLAUDIA;ACEDO;1062463328;cgb9ybp15frjnb5t@outlook.com;N3/upQ>7;422;5;1
ROQUE;SEGU?;1061717675;darrel.walker@googlemail.com;%qacs9V>;423;5;1
SERGIO;REVILLA;1061851932;evf0icwjsyz@comcast.net;@%4WM_t?;424;5;1
LUISINA;HIERRO;1062673390;rahim.cervantes@outlook.com;8ry%6U)F;425;5;1
EUSEBIA;BATALLA;1062918559;jimdd1s6cawz@msn.com;6H(d{tfx;426;5;1
PEDRO;LU?S;1061226788;lokesh.christensen@hotmail.com;4EvSVD$(;427;5;1
BLANCA;GALLART;1061730101;w6mty5oyac@ymail.com;^F%w5uYa;428;5;1
BENITO;T?LLEZ;1062703209;zackary.valenzuela@outlook.com;&D9CLewS;429;5;1
JUAN;GALLO;1062739919;0swndmrpoagtl7it8s@aol.com;E^EL9_5q;430;5;0
NAYARA;PORRAS;1062775469;denny.richardson@yahoo.com;DyzW7+8p;431;5;1
MARICELA;G?LVEZ;1062567860;ike8o4aoyytdi@outlook.com;gRPv]GV5;432;5;0
SILVIO;SERRA;1062556915;ridley.mills@yahoo.com;>6hWH=P5;433;5;0
OVIDIO;CARBALLO;1062124652;pzksenjj3w2dk@googlemail.com;S%f5(&B9;434;5;0
MARINA;CRESPI;1061463188;mantej.oliver@yahoo.com;b%}Y8.C9;435;5;1
NAZARET;FRANCISCO;1062058882;3kpuhjiy57hdnw00v0f@ymail.com;nD5?*T?A;436;5;1
VALENTINA;CUEVAS;1061989749;darrius.pacheco@rediffmail.com;6sdBMa?k;437;5;1
JOS?;DOMINGO;1061362070;a0y12qy6xipf4@hotmail.com;2K&f[a![;438;5;1
MAR?A;CISNEROS;1062637283;madox.turner@rediffmail.com;Fn5x-emz;439;5;0
MANUELITA;MORANTE;1062998277;kg81u2h2l1jfjohns@googlemail.com;Z8v7C5(M;440;5;1
CARMELO;ANT?NEZ;1061980293;cain.mcknight@rediffmail.com;4LG-Hp_x;441;5;1
JOSE;GODOY;1061155444;kdepfwvovr057er@hotmail.com;{6ZQCRsJ;442;5;1
RUBEN;PONT;1062041250;marty.logan@rediffmail.com;aSQjn7+Y;443;5;1
JORDANA;CALVET;1061552991;11v44wtfxrh6qpo01gb@aol.com;y8TtT)9V;444;5;1
BRUNILDA;FRANCISCO;1061421865;timucin.chavez@outlook.com;SnTQT=w9;445;5;1
JOSE;VILAPLANA;1062832807;nb774bk9myi@msn.com;m/)Kex99;446;5;1
IN?S;HARO;1061443874;afonso.oliver@googlemail.com;z9)Tc/us;447;5;1
P?O;CUADRADO;1062708179;mfu0k6f380@rediffmail.com;4m7%Xw[C;448;5;1
AM?LCAR;CORT?S;1062504112;rorie.bridges@hotmail.com;xZ(K5[/4;449;5;1
LAURA;AR?VALO;1062976762;8ec562fa8i7tier38w1p@yahoo.com;Dg36*8X3;450;5;1
ENCARNACI?N;FAJARDO;1062491878;alieu.giles@ymail.com;.MU8GJFf;451;5;0
NICOLASA;CASAS;1062294277;uhqkkszr0oa@ymail.com;=}gm8Wdd;452;5;1
EVARISTO;ALEGRE;1062489308;callan.workman@ymail.com;/kLN9s$q;453;5;0
ESMERALDA;MIR?;1062646482;7cyavvl815uzevqk5u@hotmail.com;@HNBKs8*;454;5;0
MANUEL;ZAMORANO;1062486206;keeman.massey@comcast.net;4{vG5SkN;455;5;0
PACA;CRUZ;1062611178;akavnxz0l7u0@googlemail.com;C..6x3^T;456;5;1
REGINA;CANALS;1061922105;suraj.marks@yahoo.com;3nDw{xbv;457;5;1
?GUEDA;FABREGAT;1061543200;513do8pmt956c4u@yahoo.com;t$VLAb6D;458;5;1
ANASTASIO;MARIN;1061299039;waqaas.francis@aol.com;up9u}Mbu;459;5;1
MARISELA;SALES;1061730736;iufytevagt2j3@yahoo.com;9j%eENSn;460;5;0
ISAAC;GARGALLO;1062350846;tieran.buckner@hotmail.com;E=9dm5Zw;461;5;1
LUCIANA;ALC?ZAR;1062452400;7lapo0jdj0yi7mj@msn.com;srEgN4N?;462;5;1
SAMANTA;LLABR?S;1061147229;ammar.stuart@googlemail.com;G)m75vux;463;5;1
OSVALDO;GRANADOS;1062165938;mh7qssadxtlgd5kofhwz@comcast.net;WDt){>k7;464;5;1
TERE;BELMONTE;1061371858;aran.herrera@aol.com;RR^2ma*e;465;5;1
NICODEMO;ABRIL;1061378089;yme2n5u6ltk4b@aol.com;yg&^c>2M;466;5;1
ADELARDO;T?LLEZ;1062799750;danar.talley@ymail.com;CvN_536T;467;5;1
DOROTEA;ALCOLEA;1061540937;07i5up560rt5n6nqlmes@aol.com;@Xn2VPF2;468;5;1
DONATO;QUINTERO;1062390997;natan.holden@msn.com;H.S=Va6T;469;5;1
MAR?A;FERNANDEZ;1061591872;69jr4zxxlmarfkc6j3@aol.com;xT3w>QBf;470;5;1
ROXANA;GONZALO;1061442815;caolain.mclaughlin@outlook.com;mY5@]TQg;471;5;1
PRIMITIVA;PEREIRA;1062753050;5vo4zrw2eikfd@outlook.com;(k4v-v{S;472;5;0
AURA;ROSA;1062789622;olie.sims@gmail.com;z!6H*N4N;473;5;1
SABAS;ALMAZ?N;1062835404;o6rqxrs7fmzqw6d6@comcast.net;Ruyhdm8.;474;5;0
APOLINAR;SALAS;1061668602;jon-paul.mcclain@msn.com;Vs.PjY3H;475;5;0
HORACIO;MACIAS;1061839419;jfms8ruqsng7iq8@msn.com;KKn8[yWY;476;5;0
CURRO;GO?I;1062816414;fraser.house@hotmail.com;7j3YW^92;477;5;1
JULIO;CABRERO;1062530027;9cewzhyn2oj58o9g5@googlemail.com;%m6]Av]$;478;5;1
DOMINGA;BUSTAMANTE;1061203101;hadyn.sears@aol.com;&9}dt2&N;479;5;1
NORBERTO;FERR?NDIZ;1061446488;qbksubpczzi2fz5l@rediffmail.com;kMkn*g^8;480;5;1
JUANA;SEVILLANO;1062784222;allister.burch@ymail.com;G/-$>4Lz;481;5;0
IN?S;HIDALGO;1061238405;5hyp45a172x@outlook.com;9Q4WeJ[m;482;5;1
MARIANELA;REY;1062103379;titi.mcclure@msn.com;buK4x@^m;483;5;1
AZAHAR;GINER;1061910738;7vc3snvdldo@ymail.com;X?6/&@y{;484;5;1
PATRICIA;TENA;1062905805;franklin.franklin@rediffmail.com;$KqXxna3;485;5;1
INMACULADA;LEDESMA;1062186058;7c3sjrsylr8g3@yahoo.com;!(Y62/pY;486;5;1
PIEDAD;PAG?S;1061492577;leigh.ramos@yahoo.com;)uF2CC+B;487;5;1
DAFNE;FUENTE;1062030926;mx4zre8dv5z4@ymail.com;kGr$%t{5;488;5;1
ANABEL;BERM?DEZ;1061366957;cain.daugherty@hotmail.com;/bZ&5=pf;489;5;1
DANILO;CAMPOY;1061220347;l2blt05m2xe0dqm4grl@yahoo.com;#¿NOMBRE?;490;5;1
AURA;S?EZ;1061286630;umut.fitzgerald@rediffmail.com;w.da7TQ?;491;5;1
RAMIRO;HOYOS;1062205089;m51x4vb2ppsz8hiiamgu@yahoo.com;>3h=/{CB;492;5;1
NADIA;ESCOLANO;1062491191;karson.townsend@msn.com;TuA/89f{;493;5;0
PAOLA;LLORENS;1061483331;rxeiymrad2ha@aol.com;!DLs2^mt;494;5;1
REMEDIOS;UR?A;1061689718;zamaar.mathews@aol.com;J5-q4t!4;495;5;0
ANDR?S;ARENAS;1061492083;ckyl6rc2zzqih4feayx@comcast.net;(hpSC{D6;496;5;0
MAR?A;POMARES;1062837202;ramsey.padilla@msn.com;c3EE+a@F;497;5;0
HELIODORO;RIOS;1061117352;5lb96g5mskue@hotmail.com;RHL7RtF];498;5;1
BELEN;PALOMINO;1062806229;jordy.le@googlemail.com;TTuT!3mj;499;5;1
QUIQUE;LOBATO;1061225984;vubis3bmgcslp@yahoo.com;gBsc)ad7;500;5;1
FELICIDAD;RUIZ;1062008356;taylan.pruitt@yahoo.com;U]Lng6c*;501;5;1
ESTEBAN;SALOM;1062473103;joih0g89domblfwg0n@yahoo.com;Brr!t6C9;502;5;0
ELIGIA;ROZAS;1061474501;jonah.perkins@ymail.com;SyZn5p$];503;5;1
NIDIA;SOL?S;1061448912;kwxlpe1hfui5yqt2c@comcast.net;a]3k-RU_;504;5;1
ADELAIDA;CERRO;1062246007;ramit.brock@googlemail.com;h/cLL=>5;505;5;1
DALILA;NIETO;1061259005;v0jp3bcdfj3b87i8g@yahoo.com;syEmR9g%;506;5;1
ROLD?N;AMADOR;1061466133;dailey.butler@comcast.net;6PXqX[?C;507;5;1
GABINO;CAPARR?S;1062935293;sh8seqb9sbxg2ts@rediffmail.com;x9NqFWA-;508;5;1
AMANDA;CASANOVAS;1061706859;sukhvir.joyce@outlook.com;y>kw-q9C;509;5;1
JOS?;OTERO;1061364904;jv3hxhnqnu99vipqklc@yahoo.com;/PAyp8UE;510;5;1
BENITA;GARMENDIA;1062939824;jon-paul.meyers@gmail.com;A$!Z!uB7;511;5;1
NEREA;SANJUAN;1062789125;usifl0v8fl9027m3nb@msn.com;kB$_*r5Q;512;5;1
BENJAM?N;HERVIA;1061793601;charlie.gay@aol.com;#¿NOMBRE?;513;5;1
CRISTINA;NARANJO;1062553183;8v2jrmw27o@hotmail.com;$*_Au)5.;514;5;0
LUPE;COLOMER;1061228654;binod.owens@msn.com;g8zC[!{5;515;5;1
C?NDIDA;NI?O;1062713356;3112q4tj7lcsu5a82@rediffmail.com;B=SB5/w8;516;5;0
CARMELITA;ACOSTA;1061196930;evann.tillman@googlemail.com;$]Ly69?{;517;5;0
FELICIDAD;PRIETO;1062721386;hkxdq2lsiqhrcw@hotmail.com;qXJ?S8.G;518;5;0
FANNY;FERRERA;1062881274;cale.caldwell@aol.com;H5z>3Y8k;519;5;1
EUSEBIO;RUIZ;1061699668;ouojo564nmnir@outlook.com;(G2H=9dE;520;5;1
LEOCADIO;VELASCO;1062936625;conner.mcdaniel@rediffmail.com;zT6Wwvn.;521;5;1
ABRIL;CONDE;1061419877;i5l3wu6g4euno6z7x5@rediffmail.com;x?R5Mq/};522;5;1
LUCIANO;VENDRELL;1061298008;antoni.sharpe@gmail.com;R4h+UV.};523;5;0
CARLOS;OCHOA;1062938647;641ogyetcu8pcuetzwfv@hotmail.com;3eE.jsQs;524;5;1
PASTORA;FERN?NDEZ;1062328146;kabir.mckenzie@yahoo.com;X6H{89Cf;525;5;1
CORONA;JACOBO;1061507480;ppqvu86edwwf4n@aol.com;/+^7ycG];526;5;1
JER?NIMO;PAV?N;1061939956;malakai.justice@gmail.com;#¿NOMBRE?;527;5;1
NICANOR;PINO;1062119556;8c35qqjq5rb04@gmail.com;6M&.9/vb;528;5;1
LISANDRO;REAL;1062558459;abdisalam.frederick@gmail.com;9DjEC&wT;529;5;1
NATANAEL;ARCE;1062221754;3qz7395sx1yuko6u052@aol.com;rC9=sL3{;530;5;1
XIOMARA;EXP?SITO;1062322689;keelin.harding@hotmail.com;25)N{Q$m;531;5;1
SANTOS;CALATAYUD;1062275905;zmsb2pkirq9he9ef04@googlemail.com;%8dnL)8x;532;5;1
ISIDRO;ORTEGA;1061846319;vladimir.stewart@msn.com;B?+L7vRN;533;5;1
PATRICIA;CARMONA;1061923508;5esonix45vxsx@msn.com;zC[[)9cA;534;5;1
PATRICIO;CUENCA;1061303346;willum.harding@ymail.com;3L@}m5-v;535;5;0
BIBIANA;?NGEL;1062921729;xkasj5vclhw9kedb555n@aol.com;F}3h2cJ=;536;5;1
LUCILA;LLAD?;1062663358;chris.velazquez@comcast.net;.H3uKy/A;537;5;0
DANILO;BASTIDA;1062204207;6qrwank4iqya4h1dxf1@aol.com;wH{{.x6(;538;5;0
DUILIO;CU?LLAR;1062645004;allister.deleon@yahoo.com;)v9FZDcP;539;5;0
JOS?;LORENZO;1062248448;jzsp237rqi63@comcast.net;z5$Y_.pB;540;5;1
NICOL?S;AZORIN;1062414352;bracken.joyce@outlook.com;J2NWjt$v;541;5;1
GONZALO;SEGU?;1061789960;o74yn3wug7y@hotmail.com;Pwp9XVh};542;5;1
MARCO;CRESPO;1062137108;jack.perez@gmail.com;p?6[M_Cb;543;5;1
ALEJANDRA;ESTRADA;1061831488;ffiwbl0cor06c@comcast.net;%XYjP5!6;544;5;0
SANDRA;RIVAS;1061923922;rheo.whitley@aol.com;c9B=ZHtq;545;5;1
SIGFRIDO;BERTR?N;1062821927;e985vu3koyyz@yahoo.com;T3-.@+Ht;546;5;1
NYDIA;GRANADOS;1062457769;pravin.wright@rediffmail.com;q8)t>A!C;547;5;1
ETELVINA;VAZQUEZ;1062732041;kvyru4bzvrnr@aol.com;qD/Th3h3;548;5;1
ADRIANA;COLOMA;1061605738;oliwier.mathews@msn.com;W3&UY=Uw;549;5;1
JUAN;TAPIA;1062120931;qnsl3imtkga@comcast.net;$6MgNbnv;550;5;1
EMILIANA;MARTI;1062565704;haydyn.booth@comcast.net;w&Qf>C35;551;5;1
ADORA;BRU;1061998559;ytmo2s45qba7azbfc@aol.com;g/t2sR_>;552;5;1
SANCHO;LOPEZ;1062598977;jomuel.gamble@gmail.com;UNEMr-3L;553;5;1
SONIA;SOL?S;1062601412;2gaa21uwivjx6@hotmail.com;N@K@@m5r;554;5;1
AITOR;VI?AS;1061313302;bobby-lee.mckenzie@ymail.com;g%.j=m6A;555;5;1
JUANA;AGUIRRE;1062339904;5jk76dw9h4yaa3x@yahoo.com;Frh^8VWy;556;5;0
GOYO;ASENSIO;1061375518;kiegan.zimmerman@msn.com;8JE_ty&2;557;5;1
RUFINO;COELLO;1062502290;uugtkrr0wn@ymail.com;XUN.]6Kb;558;5;0
APOLONIA;CASES;1061959898;brady.pollard@aol.com;5FtP]*8%;559;5;0
HERMINIA;HERRERA;1062200076;aefpxeu3hkb@googlemail.com;x_[4_[D{;560;5;0
LOIDA;BARRIGA;1062371732;stefan.william@yahoo.com;hwyP*2_v;561;5;1
MILAGROS;GRAU;1061662937;54amhnn0nnisuhml@msn.com;!qSmU.?3;562;5;1
EMA;ROS;1061391764;rogan.huber@gmail.com;cwQ%j3Ky;563;5;1
ANGELINO;POLO;1062451378;e26eho9qkf@aol.com;ejE-j!j3;564;5;1
CANDELAS;BUSTAMANTE;1062174429;sung.johns@msn.com;xd]JC6/@;565;5;0
LUCIO;IB??EZ;1062170302;at5t3v376ke@msn.com;B&=5rh}=;566;5;1
BENITA;FIOL;1062040540;otto.oneal@msn.com;vJ.pAbJ2;567;5;1
ZAIDA;ARAUJO;1062170439;uffmsuusrdpv6e6kpp@msn.com;9q.jt*aC;568;5;1
H?CTOR;HIDALGO;1062846245;mason-jay.trevino@hotmail.com;s9e(yDqZ;569;5;1
ADELINA;BERNAL;1062494572;ty91495493efa@rediffmail.com;_.FE/@7n;570;5;1
CARMELITA;JURADO;1062112111;zhen.baird@gmail.com;WA@/G3cm;571;5;1
BERNARDA;LARRA?AGA;1062764394;buu4h01lc471@googlemail.com;ScRs$qk8;572;5;1
EVITA;PALOMARES;1062904824;harish.carpenter@rediffmail.com;7Pdex?qc;573;5;1
LIDIA;DELGADO;1061978233;rna77vsrizl2kuz9s3@yahoo.com;[aRQL6{b;574;5;1
CARLOTA;GRAU;1062888611;arya.bauer@googlemail.com;q=L-v4er;575;5;1
FAUSTO;VALLS;1061533192;rl7ps8njs6@aol.com;(9aL>-(S;576;5;1
LALO;AGUADO;1061264327;balian.harmon@googlemail.com;uNQyN&5G;577;5;0
SABINA;DOMINGUEZ;1061654310;vr7qppynhgm3az41civ@ymail.com;aPGn_s45;578;5;1
NURIA;TORRECILLA;1062474303;conar.sellers@comcast.net;7AbH4(q7;579;5;0
FELICIANA;VIZCA?NO;1061234829;ejkzh88zvry8qj7v@rediffmail.com;)[Qn3>zB;580;5;0
JER?NIMO;PI;1062567391;curtis.parker@msn.com;&_kMp83r;581;5;0
FORTUNATA;REGUERA;1062105497;y6incfpukp44xim4@comcast.net;[YB%!b4U;582;5;1
MANU;ARI?O;1062983921;tai.acosta@aol.com;Aa9qT}zy;583;5;1
?UREA;CUETO;1062082410;5csdh8crpulo@ymail.com;9Z.V7uMj;584;5;1
MODESTA;FARR?;1061414898;cavan.paul@aol.com;c3!2[BXr;585;5;1
TELMO;GODOY;1062054582;1wsywm8l8tzbblt064f@comcast.net;FZSL5@yF;586;5;0
IRIS;G?RATE;1061696353;zacharie.lowery@hotmail.com;X2yx2->(;587;5;1
CLARISA;MARCOS;1061317705;nbanr8zm4u@gmail.com;h^8EV*{c;588;5;1
PETRONA;PAREJA;1062933445;kieran-scott.hughes@outlook.com;fNfdyH9=;589;5;1
C?NDIDO;GIRONA;1062314596;ui14uz33wtnyeg6@aol.com;7u-VY$Vk;590;5;1
JOSE;ARAGON?S;1061672431;mckenzie.schroeder@aol.com;#¿NOMBRE?;591;5;1
ADORACI?N;OSORIO;1062225333;cnhgdo8qpm@rediffmail.com;Kk7)t}eP;592;5;1
GREGORIO;FERNANDEZ;1061551189;findlay-james.mathews@hotmail.com;F@4(h5xD;593;5;1
MIGUEL;BENAVENT;1061915836;p9riv6th878ds@aol.com;q(G(h2e&;594;5;1
EUTIMIO;PUGA;1061297925;layton.oliver@googlemail.com;CmABx]2q;595;5;1
ANITA;HIGUERAS;1061529252;ajolzzj64hy1v6nn4ne@hotmail.com;s.K[{KW8;596;5;1
ADALBERTO;ANDR?S;1061826931;kensey.bray@gmail.com;qd>5u6yV;597;5;1
PAZ;CORT?S;1061230306;4h67cf9kpzas7l2qi@ymail.com;3nL&)$Pd;598;5;0
HORACIO;BENAVENTE;1061490647;azzedine.robbins@comcast.net;D9!%aQcv;599;5;1
URBANO;DOM?NECH;1061660039;yldx9xhqrqeto6@rediffmail.com;VNCWWh6[;600;5;0
CURRO;I?IGUEZ;1062407514;alister.bernard@comcast.net;g[Ecx{}4;601;5;0
CLEMENTE;FERR?N;1062272964;3er7jwe21kjx493@googlemail.com;2Y(s5{%Z;602;5;0
AZUCENA;ANDRADE;1062441025;johann.alexander@googlemail.com;C22F.Lsk;603;5;1
NICOLASA;MANZANO;1061193491;qn9z87oh8d4ibiu@rediffmail.com;USj2]Spv;604;5;1
LUIS;SU?REZ;1062108780;vuyolwethu.villarreal@yahoo.com;e_avCL=8;605;5;1
SALOM?;SEGARRA;1062440618;gscmis573e9wwac2f3@aol.com;_>fXNT5f;606;5;1
NAZARET;ARCE;1062486277;nader.cooley@hotmail.com;6He4pU+{;607;5;0
RAFAEL;PLA;1061776905;4yurx440811@hotmail.com;/4WD.awk;608;5;1
SERGIO;ESCOBAR;1061830032;reegan.jordan@gmail.com;Zu-/Sfu5;609;5;1
MAMEN;BARROS;1061847288;b5l0g96d2df@outlook.com;Y_7Gh6a6;610;5;1
TECLA;CANALS;1062600905;harleigh.christensen@hotmail.com;k8D!{K}@;611;5;1
AMADO;FERRER;1061479114;mtphrzv09cphet@ymail.com;wB6!_.M!;612;5;1
JORDI;RUANO;1062118876;dawid.rivera@gmail.com;6BZ}xVQ7;613;5;1
MANU;SALCEDO;1061645884;17inrnauxsddk@ymail.com;4{4cwHx_;614;5;1
BASILIO;ALC?NTARA;1061711878;barrie.herman@hotmail.com;Avc%u(s6;615;5;1
EMILIANO;MONTES;1062056801;larwi389qt4s@msn.com;jZm+65]+;616;5;1
ITZIAR;CARVAJAL;1061923966;zachariah.forbes@comcast.net;%2Kwj?fX;617;5;1
CARMELITA;BELLO;1061666072;r473m98ye54@hotmail.com;$dF!3@$];618;5;1
RUFINA;RIOS;1061989889;john-michael.walls@googlemail.com;DHRfL(c2;619;5;0
OBDULIA;C?ZAR;1062344318;mmffo4isxiyqrfgb@outlook.com;%x4Pj%>p;620;5;1
ELI;C?SPEDES;1062888330;shergo.walsh@ymail.com;FYaB=E5U;621;5;0
EDELMIRO;PE?A;1062226471;8bzmym8glrar7@msn.com;}J.7Z5{y;622;5;0
ENCARNACION;CORNEJO;1062665608;deniss.decker@outlook.com;[mR2$Q?9;623;5;0
TORIBIO;BERNAD;1062575081;1qk6iowijkgt8c5pavk@gmail.com;gF9z+4ew;624;5;1
HUGO;VI?A;1062964963;berkay.carrillo@yahoo.com;76wc^4D>;625;5;1
RENATA;S?NCHEZ;1061912616;ei0b33ks6rn5ku@hotmail.com;$QS-Sk4G;626;5;1
PRUDENCIO;CALVO;1061725604;mitchell.ryan@aol.com;&EamB=5t;627;5;1
FABIO;LLAD?;1061516413;3nf1c78dx1tba@aol.com;X=nny8e?;628;5;0
CIRO;SECO;1062084320;leonardas.barker@msn.com;265h%d4N;629;5;1
EFRA?N;RECIO;1062386475;1stk9hbt6u@yahoo.com;8?c^=VqK;630;5;1
CLAUDIA;MART?NEZ;1062257537;mikhail.randolph@comcast.net;Ac7R^Utk;631;5;1
BRUNILDA;AR?VALO;1061504071;zi2320g4u7lc85i@yahoo.com;7f?>.=D(;632;5;1
NICOL?S;D?VILA;1062554733;ramit.craft@aol.com;3R)bf^+@;633;5;1
F?TIMA;BAYONA;1062679055;lqcrxdxjlwmk@yahoo.com;u5dN%=rS;634;5;1
GABRIELA;CA?AS;1062415344;kieryn.kaufman@outlook.com;}j)Ah&C2;635;5;1
NORBERTO;PALOMARES;1062644318;vhfg5by7mansg409jmnf@hotmail.com;TBExd%7k;636;5;1
M?NICA;ARMAS;1061737703;sulayman.mullins@yahoo.com;49YQWc@y;637;5;1
EUSEBIO;MIR;1062987048;hg1vh5sl43gqv@outlook.com;25)uSDQB;638;5;1
ISAAC;ALONSO;1061831226;ole.watts@rediffmail.com;wv5{Zd69;639;5;1
V?CTOR;RIQUELME;1061403230;iudeyj5s3spxoif7s4@yahoo.com;9F.^As(Y;640;5;0
PACA;DIAZ;1062891151;naif.carr@gmail.com;/dmrrr6T;641;5;1
BELEN;ALMANSA;1061685880;sq02t50wumgtgod7@ymail.com;9Rf]34-U;642;5;0
PASTOR;QUERO;1061209446;idahosa.griffin@outlook.com;*QmU&6K?;643;5;0
AMARO;MAC?AS;1061147628;2oaugiu1lz71vjeyygi8@yahoo.com;#¿NOMBRE?;644;5;0
MARGARITA;DALMAU;1062443184;ronin.mckenzie@comcast.net;(+3KdHbY;645;5;1
CALIXTO;FORTUNY;1061596720;lq382hpybw8hfs@googlemail.com;f/wAG6WJ;646;5;1
SOF?A;MART?;1061654780;avraham.talley@outlook.com;(ruj6sYH;647;5;1
MELANIA;PRIETO;1062336823;eq7m5izhuejggez@rediffmail.com;#¿NOMBRE?;648;5;1
ALBINA;MEL?NDEZ;1062018647;guthrie.rogers@gmail.com;H$.W65kf;649;5;0
PEPITA;PERAL;1061714066;138ue4877v7fpw9l3kx3@comcast.net;cP.N^37$;650;5;1
MARCELA;DURAN;1062206297;copeland.duncan@aol.com;4H4{&xGX;651;5;1
PALOMA;VIANA;1061900247;b073ye1e5kg8n8msgoa0@aol.com;3csnT>}r;652;5;1
ADELIA;BAR?;1061842945;brendyn.mayer@aol.com;N3?=az>f;653;5;1
ATILIO;ARENAS;1061814048;tl7vo2kjgh5v@outlook.com;-HA4[hxm;654;5;1
FELICIA;PAREDES;1061635719;bryson.calderon@rediffmail.com;@=$Q^5)a;655;5;1
PETRONA;CORONADO;1062715388;llro58lslxxg@hotmail.com;>]n>(2cU;656;5;1
TITO;JOVE;1061774420;jimmy.cervantes@yahoo.com;D=d72H^N;657;5;1
URBANO;BENET;1061608051;mvx1s0xb79on2tx@gmail.com;SHa5]GNQ;658;5;1
ANSELMA;BARCEL?;1061678441;arayan.dawson@comcast.net;a-sRw3EK;659;5;1
ADRI?N;NIETO;1062140099;t2njvfb2e4ixf@yahoo.com;&RR9Et_Q;660;5;1
NICOLASA;COLOMER;1062428969;dhani.johnston@hotmail.com;YedQ@49t;661;5;0
?GATA;PASCUAS;1061778549;065ttqp5ulrw4uib@gmail.com;qvFr[7rt;662;5;1
PEPITA;PARRA;1061360973;norman.tyson@rediffmail.com;/9GG)5y%;663;5;0
NOEM?;HOZ;1062303328;qw428ebtmto19v9zenmk@gmail.com;@6aF*h6F;664;5;0
EDELMIRA;ALBEROLA;1061458564;odynn.burnett@aol.com;Y44b>&!$;665;5;0
PETRONA;COBO;1062200660;4zcyaf4ghzvg3syknjx@googlemail.com;+c4zyWuq;666;5;1
FERNANDO;ARRIETA;1062837257;cailin.head@yahoo.com;S]&Kg8.4;667;5;1
ARIEL;PUGA;1062683420;5tt9wdou8gvll3uv3225@comcast.net;4A9K7h@K;668;5;1
MAGDALENA;TORRES;1062407973;jaskaran.lyons@msn.com;dKtyV=x5;669;5;1
AMANCIO;BERTR?N;1061493072;g6buave8zsz@msn.com;*khLk)X6;670;5;0
XIOMARA;HUERTAS;1061617850;calin.puckett@gmail.com;JABF_3=c;671;5;1
MORENO;COLOMER;1062545046;ped72qb05dzl7phah@yahoo.com;?cK6fz^!;672;5;1
MAYTE;PUERTA;1061484472;keavan.colon@msn.com;p5w/Eu%S;673;5;1
ELENA;ROBLES;1062957501;vf6bwivyoykc@gmail.com;74FP%eLa;674;5;1
CELIA;ALMEIDA;1061589649;oluwalayomi.potts@rediffmail.com;5S)b^m!3;675;5;1
JOS?;LARREA;1062099382;8ek1esqpjg@comcast.net;!@hL]6Dj;676;5;1
MARCO;FIGUEROLA;1062868543;tubagus.thornton@ymail.com;Ve=9mFL5;677;5;1
ARIEL;AMAYA;1062502745;771chd43733da4v43jdx@comcast.net;8/kx8W9T;678;5;1
CLAUDIA;CASTELLANOS;1062935857;mantej.casey@outlook.com;g^!Bv3fv;679;5;1
MORENA;CABEZAS;1061569797;9oluskw4z9nwr@comcast.net;?bG[zH)5;680;5;1
TECLA;LLAMAS;1062557396;cruz.becker@msn.com;x=xS}VQ3;681;5;1
JOSE;MOSQUERA;1062211019;ij6s8l1qjr0g@gmail.com;ca*jU9Eh;682;5;0
TERESITA;AMAYA;1061703408;zaine.ruiz@outlook.com;M)xP=6Dq;683;5;1
SOF?A;PONS;1062436632;59j526sqp5vg6uflfka@outlook.com;8}Lp!ugc;684;5;0
PAOLA;ESCAMILLA;1061336664;francis.benton@aol.com;3d-8=CuB;685;5;0
FABI?N;ZAMORANO;1062839975;d4k12g7c7r@aol.com;2%u^RY[N;686;5;0
PASCUALA;CARRERAS;1061167824;konrad.barry@hotmail.com;4?{aTZdu;687;5;1
VICENTE;CARRASCO;1061311147;srv7d0xrbaf0mf@aol.com;qQ6jV)Ln;688;5;1
SERAFINA;BOADA;1062987538;kieryn.jarvis@ymail.com;[P[c(Vr3;689;5;1
BENITA;GIR?N;1061183599;xnkldahrwkb3dyx@comcast.net;#¿NOMBRE?;690;5;1
CASEMIRO;CANT?N;1061254636;inan.pena@ymail.com;K[}c+Tt4;691;5;0
RENATO;GIRONA;1061669729;iqova2c6fdi1i1n@rediffmail.com;{x+nuY?3;692;5;1
DESIDERIO;GORDILLO;1062924487;bentley.baker@msn.com;nDvc*DA6;693;5;1
GERARDO;HEREDIA;1062483283;jnmsgas0mej@ymail.com;Xu+96fuq;694;5;1
HUGO;PEINADO;1062077922;eryk.orr@msn.com;=B{@%9fW;695;5;1
MAMEN;REIG;1062295260;fzmi2mh59hf3@aol.com;TqE@f^J7;696;5;1
CIR?ACO;ESCOBAR;1062047889;deshawn.burke@outlook.com;as+BNqT8;697;5;1
REYNALDO;PAG?S;1061885604;o9fyvnhec3w9ewb@gmail.com;&Le5/}&v;698;5;1
BLANCA;CID;1062202040;mitchell.alexander@comcast.net;>fJeZ2N?;699;5;1
CONCEPCI?N;SOTO;1061684658;82ognjvpi0cog3ibqs@aol.com;SMPqr!8>;700;5;1
CAROLINA;CANALES;1061311251;caileb-john.ayala@comcast.net;+w/C5Ce?;701;5;1
LUISINA;LOPEZ;1061778421;tbspggdf9a7qv@ymail.com;H/54gxg@;702;5;1
FILOMENA;CASANOVA;1062585318;eng.adams@hotmail.com;7C8syBR!;703;5;0
MARTA;IZQUIERDO;1062793681;zak3t5v14t4b9w3@aol.com;4A>3+9[x;704;5;1
ALMA;COROMINAS;1062667286;ramsay.bowen@hotmail.com;2JxL%}9v;705;5;0
ALCIDES;MORA;1062366350;k6b4dhpohsnauhf@hotmail.com;+t%RTQA4;706;5;0
SANTIAGO;HERNANDEZ;1062843118;miles.hines@rediffmail.com;k}Hv8a2K;707;5;0
NEREA;BONET;1062608912;pbm8c9wx226@googlemail.com;]rMz>D5y;708;5;1
?NGELES;SOLANA;1062108257;narvic.maynard@msn.com;)=n[U$5T;709;5;1
OCTAVIO;SAMUDIO;1061268900;xlrhvmbwx4z4jun8w@outlook.com;.UfT]E6m;710;5;1
ELIGIO;RIBERA;1061288522;babur.cook@msn.com;fD(5!ZWZ;711;5;1
EL?AS;TOLOSA;1062136346;xgp6rknwd13p9vt@msn.com;/6>Uf%$X;712;5;0
ELVIRA;TUDELA;1062918905;maxim.parker@googlemail.com;%Sqe4)L3;713;5;1
SOSIMO;BAYO;1062372381;wrq9cna9b7@gmail.com;HLCJ>%7r;714;5;1
CLOTILDE;CASAS;1062265199;marcello.guzman@aol.com;)F8p}e6A;715;5;1
ALCIDES;C?RDOBA;1062103706;3yzakd9rn3hsm@msn.com;ayEQjA>2;716;5;1
SIGFRIDO;MIGUEL;1061232394;trent.kane@yahoo.com;j)9mPy(y;717;5;1
NEREA;CARBAJO;1062137389;z2c8a8ju46tdpihxm8c@hotmail.com;77%NGHkm;718;5;1
DAVID;BA?OS;1062351856;maximilian.mercado@gmail.com;5D?B>z+5;719;5;1
EVA;SANMART?N;1062374558;pj5j3zae9eko@googlemail.com;a)V7T{>y;720;5;1
TECLA;RUEDA;1062409729;kyro.mosley@hotmail.com;-MH]xk3h;721;5;1
MAYTE;MONTILLA;1062090914;zel4lnnt8mzw@msn.com;$[5p[yF6;722;5;1
IGNACIO;PLANAS;1062929319;ambanimoh.curry@yahoo.com;Lg7{/+Eg;723;5;1
AMOR;VARGAS;1062077027;wbakku2jdu@yahoo.com;pE6vT@k&;724;5;0
GABINO;SERRANO;1062872134;yann.glass@googlemail.com;kZ&+2PA);725;5;1
GER?NIMO;EXPOSITO;1062417354;br0ocumq11kt4@comcast.net;M3QK$a]f;726;5;0
ENRIQUE;BRAVO;1061947604;maciej.vinson@comcast.net;zGkd7&K5;727;5;0
CLARA;GIM?NEZ;1061729891;co2vd15rvipq6r@googlemail.com;88an%3Lf;728;5;0
BAUDELIO;MANSO;1061803033;alum.roberts@aol.com;9xFq%zm);729;5;1
PEPITA;JULI?;1062930041;wmf6li810zw@googlemail.com;wVXZq6?R;730;5;1
ALBA;IBA?EZ;1062943522;abdur-rahman.cobb@comcast.net;{w[8Rmtp;731;5;1
BERNARDINO;ARANDA;1061353723;8pn96n103mlz9z9rs@ymail.com;MKpTp_3f;732;5;1
ESTEBAN;TELLO;1061677798;tre.wilkins@yahoo.com;rGd?VSS8;733;5;0
ANACLETO;VILLAR;1061685070;xkj0vfokhsod9dzk@comcast.net;]?5bd>Z);734;5;1
SEVERINO;GUERRA;1062270291;rokas.young@aol.com;2}sgU@ea;735;5;1
CORONA;RENGIFO;1061676788;kmymkeqdc9o772un6a0@comcast.net;GVm-_x3J;736;5;1
RAFAELA;REAL;1062027768;meko.conley@outlook.com;*Z+Zez2.;737;5;1
ZAIRA;SUREDA;1062122027;2tjy9d5eot8iu899ba@gmail.com;CWDn]MB4;738;5;1
AN?BAL;L?PEZ;1061792058;daniel.richmond@ymail.com;]q4==6.V;739;5;1
LEOCADIO;NEVADO;1062238153;ppkkr8dkzaprxlm498g@googlemail.com;f.}68vnB;740;5;1
JUAN;MARI?O;1061758070;caidan.taylor@gmail.com;3tFUV*WG;741;5;1
ELVIRA;JULI?N;1061128081;99t1f0q7gc@hotmail.com;T_Ps64r$;742;5;1
DEMETRIO;RUIZ;1062122008;girijan.baxter@rediffmail.com;3-%raMm};743;5;1
HERNANDO;PEREZ;1062218300;o0y6natku5ney@hotmail.com;+N%b49p5;744;5;1
ISABELA;DELGADO;1062013512;kody.cabrera@msn.com;2Kk+JB@T;745;5;0
ROBERTO;PRIETO;1062404886;l8829fdwvacq8vw@msn.com;@9d^Qk5];746;5;1
YOLANDA;BATALLA;1061732526;hussnan.bartlett@yahoo.com;2}4bCC9u;747;5;0
ROSENDO;BARRIO;1062449225;tmnenq4sm4o@ymail.com;Cj55s?P8;748;5;0
VANESA;G?MEZ;1062460684;josh.ayala@msn.com;Dy%SUe7x;749;5;0
ALBINA;CARNERO;1061916816;c60xradn2lvep4zt5o1@msn.com;VEr^&m(2;750;5;1
GEORGINA;SANDOVAL;1061285227;israel.pearson@outlook.com;7a)!kT+R;751;5;1
CELESTINA;TORO;1062695294;1kzl5ytchuoso@googlemail.com;7x]=?N&S;752;5;1
FELICIDAD;CORONADO;1062612459;jaida.weber@comcast.net;3FgLz.wH;753;5;1
VALERIA;VICENTE;1062676010;j4b6xoy7i4@hotmail.com;rY$2*7_J;754;5;0
JAVIER;FELIU;1062191329;orson.joyce@msn.com;3e@@DAtm;755;5;1
MANOLO;LEAL;1061999333;g5j4iehk6daat94f4q@rediffmail.com;}>f8DzjE;756;5;1
CONCEPCI?N;GABALD?N;1062934227;dante.leon@comcast.net;JG7mea(G;757;5;1
VIVIANA;GIMENO;1061406752;m0crhn3t4bui4ft@msn.com;PtqFV+P9;758;5;1
EMILIA;YUSTE;1061634229;raegan.rocha@rediffmail.com;w+4Z}QXB;759;5;1
B?RBARA;VACA;1062850893;b77bpfgt7muw@msn.com;Z2dVEuw};760;5;1
MART?N;MARCO;1061932195;kaylum.roach@googlemail.com;Evz!4[8Y;761;5;1
GAST?N;DALMAU;1062992731;ye5ds988uwgk5x@outlook.com;hJDh{9YA;762;5;1
ESTEFAN?A;ESCALONA;1062107677;loudon.rowland@hotmail.com;3%SDfR9m;763;5;1
LORETO;VALL;1061375672;g5lwuflh0an@googlemail.com;]S)uq^5p;764;5;1
EMPERATRIZ;PALACIOS;1062556640;brajan.harvey@aol.com;KgEht9.@;765;5;1
LEOCADIO;GUARDIA;1061528062;zwva7idnrt7@rediffmail.com;d*6W/req;766;5;0
CARINA;RIOS;1062701654;loui.forbes@aol.com;Eh)h8?9X;767;5;1
DAMI?N;BOLA?OS;1062608755;870xe7zp1vx4@msn.com;>[T?.u28;768;5;0
ISAAC;SALGADO;1061546754;sheriff.hurst@rediffmail.com;C?k)vFb2;769;5;0
FERNANDA;VELASQUEZ;1062287228;0ihw8kh0lbm7e@rediffmail.com;4xM-pZ2c;770;5;0
ANG?LICA;MENDEZ;1062130639;yahya.sanders@msn.com;)45kpXgq;771;5;1
JOS?;VALENCIA;1061738312;a7ly2yp8oczl@googlemail.com;LB*4BG/w;772;5;1
MAR?A;RIVERA;1062909412;matt.zimmerman@hotmail.com;V!7!k%d6;773;5;1
HERNANDO;CARABALI;1061158481;0xnlt5yackyy3xv@yahoo.com;K3*Q%kLk;774;5;1
MAMEN;RODRIGEZ;1062223478;spencer.combs@aol.com;G2N5w]AQ;775;5;0
MORENA;QUINTERO;1062423662;une7ljah9xt8ru49@msn.com;>Y45aBj3;776;5;1
BERTA;GOMEZ;1062894902;lawrence.morgan@aol.com;C^Cspk9e;777;5;1
CARMEN;BENAVIDES;1061420210;e2rlion34s@googlemail.com;+)??nBS7;778;5;1
EMILIA;CARRERA;1062897171;joey.york@comcast.net;s.{skmU2;779;5;1
JAIME;RAMIREZ;1062930818;glq4eewbyk58@outlook.com;pAcCB*n3;780;5;1
CLEMENTE;PIQUER;1061524479;boyd.rios@comcast.net;shuq=zU2;781;5;1
HILDA;HEREDIA;1061460189;dpsbv7qtxrhl@ymail.com;KQ2{u2%Q;782;5;1
ESPIRIDI?N;FUERTES;1062297949;jock.rose@ymail.com;eN7!35]D;783;5;1
PORFIRIO;INFANTE-CABANILLAS;1062486483;d5xsvbmpyz@rediffmail.com;2/uU9>jH;784;5;1
MAR?A;BAENA;1061570391;dafydd.keith@gmail.com;kbM&9U[v;785;5;1
DAR?O;LLAD?;1062313625;eqg8tb9m43q19f@yahoo.com;7)DT4rv5;786;5;1
VICTOR;TORRALBA;1062355326;mika.young@googlemail.com;$?M[s3z];787;5;0
MARCELA;CERD?N;1062424744;3x0gge4jkcau731mx@hotmail.com;3Gw{3YNt;788;5;1
ROSALVA;SERRANO;1061975357;leroy.bradford@hotmail.com;{=!6Td_];789;5;0
?GATA;LLAD?;1061703657;oo8sl9kp9ypl0u6n@googlemail.com;u@49GtdH;790;5;0
LEIRE;CA?AS;1061672904;conrad.levy@yahoo.com;!yf7B)Rt;791;5;0
CONSUELA;EGEA;1062735253;hk1cf4hnlqovf3tz@comcast.net;%=CbF7&t;792;5;1
JUAN;AMORES;1062889653;marius.hubbard@comcast.net;]jM.Gz7H;793;5;1
NAZARET;KAGUASANGO;1061438921;2y7dan8oz6kuz@outlook.com;U8[MvGtu;794;5;1
ELENA;FIGUEROA;1062665197;wojciech.meyers@hotmail.com;/k[5F!PS;795;5;1
PILAR;CHACON;1062777283;oqdtichdqkkkq5pkx@hotmail.com;8F>HVRge;796;5;0
JOS?;MARTINEZ;1062406532;bailie.mcintyre@aol.com;H6Rd$v+W;797;5;1
MANOLO;M?NGUEZ;1062514150;qr25gjocb6cbmal@outlook.com;{m?Rp453;798;5;1
C?NDIDO;PORTERO;1062483040;dmitri.morrison@ymail.com;5TDrMu_B;799;5;1
APOLONIA;PALAU;1061959087;wve571npnww5p7e@msn.com;cwM22a*W;800;5;1
ZORAIDA;LLORENS;1062816160;lleyton.clark@outlook.com;XC=_9s+3;801;5;1
ELPIDIO;ANTONIO;1061708979;sj70wv63o3oc@msn.com;5/dkGx{h;802;5;1
JOAN;VIGIL;1062511923;reeve.ware@aol.com;_-GgFc8R;803;5;1
NAYARA;CASANOVA;1062613831;wiqpj102zx@outlook.com;2/(%smaP;804;5;1
AFRICA234;AZNARx234;1061820214;carwyn.lowery@comcast.net;Twrh$N@7;805;5;1
?NGELA;M?RMOL;1062265143;hluzitbnh6tbvl@hotmail.com;mB*er6Ry;806;5;1
JOAN;CARMEN;1062316680;bryan.holloway@comcast.net;>gkN=8/-;807;5;1
CRUZ;NIETO;1062270445;vondvyq1tfph0vkh7@yahoo.com;?FAjh+62;808;5;0
PASCUAL;VALENCIANO;1062801980;deelan.wheeler@googlemail.com;m9YNHS_.;809;5;1
MELISA;PEDRERO;1062238380;vjxmfwqcqyr@ymail.com;V{6/A9jA;810;5;0
ANACLETO;MURCIA;1061582220;arafat.marks@rediffmail.com;(nAg8vSb;811;5;0
VICENTE;MAUDA;1061887163;sr18fw8pf0fr5tlcen6k@outlook.com;Xg$Rd$w9;812;5;0
MARCO;MATAS;1061502648;kristoffer.burch@msn.com;w9!Rm/[&;813;5;1
CRISTIAN;ESPERANZA;1061426236;ywva49j9h22k87fd@yahoo.com;u9U[gagA;814;5;1
JOSEP;WHINTERS;1062325952;calum.tillman@ymail.com;m4xA=fsC;815;5;1
FLORINDA;LARA;1062651968;mvv53kudgpl6xyy@hotmail.com;33M%ejW3;816;5;1
CALIXTA;COCA;1061658709;dharam.bridges@googlemail.com;W8-5dJ5N;817;5;0
MARISELA;RUIZ;1061939157;na8ygsyg3mtiyo@aol.com;8fBMdz&3;818;5;1
ROSENDO;NEVADO;1062743249;alber.buckner@aol.com;{P=*E7cy;819;5;1
ANA;SAMPER;1062115548;y47g0cdyalu4@gmail.com;y8pRA.Rc;820;5;1
ROLANDO;REDFIEL;1062206888;codi.hodge@googlemail.com;EsD6x-j];821;5;1
PAOLA;GRANDE;1061516295;d9flr1u6kcgzgwe8kfdx@msn.com;MSe5}Z/E;822;5;1
LUPITA;SERA;1062566855;tony.pena@googlemail.com;GbMc7@3?;823;5;1
MODESTO;KENNEDY;1062479349;tjrrmvcikschto@comcast.net;d7xL^=6A;824;5;1
MODESTO;WONK;1061934646;aristomenis.buckner@aol.com;Uz_N5vgM;825;5;1
CLEMENTE;VERDUGO;1061121185;v5choiwbgbeq10dpyn0@hotmail.com;8Yj]@uy8;826;5;1
GUIOMAR;FERRER;1062250051;del.morgan@aol.com;.mH]>9ju;827;5;1
ARACELI;MEN?NDEZ;1061444553;lmd39htnhc851ke@googlemail.com;LM6?n*KH;828;5;1
JORGE;PALOMO;1061878423;xiao.clements@hotmail.com;wY.v6&?g;829;5;0
BEATRIZ;MAYORAL;1062126534;8vcf4wsomwv6rvcb1@ymail.com;*b8gYKVd;830;5;1
VICENTA;PAREJO;1062574059;eoghan.oliver@rediffmail.com;Kp6)G9.8;831;5;0
VICENTA;SERNA;1062340491;0tw5ldvyolaeoc2jxo@comcast.net;[Y)zGj9d;832;5;0
ALEJANDRA;GARC?A;1061933119;omar.simmons@gmail.com;XD_h8_8%;833;5;0
RUPERTA;QUINTERO;1062520932;b5nvd1rb6kh6@gmail.com;H-bK82Qq;834;5;1
NICOL?S;MADRIGAL;1061281236;rayhan.fields@googlemail.com;_2v%JkJh;835;5;1
LEOPOLDO;?LVARO;1061887784;yeoaii0vn6d2c@comcast.net;%-tf4vLm;836;5;1
HAROLDO;BICKERS;1062767772;caelen.rowe@rediffmail.com;B2n$HC>x;837;5;1
JUANITA;BURTON;1061515859;q1xjy7oayzlgdvr@yahoo.com;xN9uv{gB;838;5;0
JENNY;BURBANO;1061491206;shahmir.diaz@rediffmail.com;L3UBy!R3;839;5;1
BEL?N;HERNANDEZ;1062912341;wt7757qs2mylp9a@rediffmail.com;6z%M.}eT;840;5;1
CANDELA;ORDO?EZ;1062778531;alfred.nash@msn.com;#¿NOMBRE?;841;5;1
SOCORRO;LASTRA;1061683799;g2r951n7rz@comcast.net;Y49y*^5+;842;5;1
NAZARET;OSUNA;1062264817;zerah.hays@hotmail.com;RFgrmH!4;843;5;1
YAGO;MANCEBO;1062772306;8ixlmhyebognaavz1yj@ymail.com;j@P6>N+6;844;5;1
LOLA;NICOL?S;1062796681;rihab.travis@comcast.net;h)y-/X6R;845;5;1
MAT?AS;AZORIN;1062115772;24g6aj5l7ruh7ia2@rediffmail.com;}4aZFd4_;846;5;1
LUISA;GONZALO;1062067361;eryk.rutledge@rediffmail.com;FBy(t96v;847;5;1
ISA;OLIVERA;1061729197;zf6jm1i5ha@ymail.com;PE=q!Wr6;848;5;1
ASDRUBAL;MELERO;1061357567;leyland.sanchez@rediffmail.com;{UeT&Y3%;849;5;1
RUTH;CUESTA;1062606990;4m5xv8drg6ymk588dg@outlook.com;W*+w9Q)8;850;5;0
HERNANDO;BOLA?OS;1062930138;leydon.martin@comcast.net;Q8.[^K.e;851;5;1
SILVIO;PLANAS;1062817075;36dqh8ka440d07fns34@aol.com;bCya3Bc*;852;5;0
DAMI?N;GABALD?N;1062667163;atom.blair@outlook.com;Cj@[8]Rz;853;5;0
PATRICIO;HUERTAS;1061159925;7bd3rilqp4dcjgzt@hotmail.com;@2ruw!U?;854;5;0
ANTONIO;SOL?;1062111615;taylor-jay.combs@googlemail.com;@dy@U8jv;855;5;1
AITANA;DIAZ;1061798574;wx3c7n8mi1m9guomev@hotmail.com;+2kMspU$;856;5;1
MAGDALENA;LLUCH;1061566594;neco.welch@msn.com;qWEL8*Az;857;5;1
BALTASAR;ORTEGA;1062570233;lq63gdqezsoyd4f0o8kb@yahoo.com;5Sz27==Y;858;5;1
MARTIRIO;DIAZ;1061703703;karamvir.francis@rediffmail.com;[N?6r7-X;859;5;0
ARSENIO;MARTINEZ;1061178749;mbaldq5bofa@ymail.com;Xb!az8k+;860;5;1
HERMINIA;CORDOBA;1061113607;denny.conrad@msn.com;suVd4>Uf;861;5;1
APOLONIA;MALO;1061582884;ysy7fxlb7st@gmail.com;da8(SArx;862;5;1
LINA;IGLESIA;1062105369;fawaz.salinas@yahoo.com;5U@VDfw>;863;5;1
JOS?;AMAT;1061847638;l7qay2u80uo@comcast.net;n?A}rr&7;864;5;1
BELEN;CASTILLO;1062311217;deniss.horton@hotmail.com;>yj4BF=+;865;5;1
PONCIO;CASTELL?;1062451996;53aujv7vjasmt3a7czd@hotmail.com;xED$Ef4$;866;5;1
ANDR?S;AVIL?S;1061158807;matteo.spencer@comcast.net;2g{]G7a2;867;5;1
CECILIO;REYES;1062642516;pbr79gyj05fus13tp@outlook.com;k>SS^4&G;868;5;1
OTILIA;DAZA;1062420355;shyam.crane@aol.com;{4FUw2m8;869;5;1
SEVERO;CAMPOY;1061769169;fu8gftdztor@rediffmail.com;J9q=/A[X;870;5;1
CHUY;MOLINA;1062816664;lennan.guzman@hotmail.com;77p8M$3N;871;5;0
ADELIA;ALBERDI;1062731713;2qqcp55lhnx6b0ovd@hotmail.com;e8>%H*Yb;872;5;1
ANACLETO;MONTILLA;1061188218;ahoua.gonzalez@comcast.net;DvEV&K4L;873;5;0
R?GULO;ARREGUI;1062783969;zhrtvjcq3lpas@aol.com;dWz6{gVk;874;5;0
PAC?FICA;CARRANZA;1062653731;ismail.lane@outlook.com;R8c!pEsL;875;5;0
VICTORINO;GARC?S;1062708467;3xh96zf7nmv9eiu@yahoo.com;jGYLa!65;876;5;1
BIBIANA;NADAL;1061732111;mykie.anthony@gmail.com;9DwZ}wgn;877;5;1
FLORENTINA;GODOY;1062053535;z5jnegk8qx7@yahoo.com;pA2R)YYK;878;5;1
CAYETANO;CA?ETE;1061865292;luqman.hunter@gmail.com;?Lfb4}JA;879;5;1
FLORINDA;PANTOJA;1061265252;f5tndmc8ybf6e@yahoo.com;4R}Vjy_F;880;5;0
VALERIA;C?ZAR;1062892540;pascoe.ramsey@comcast.net;TV!k+4q2;881;5;1
BLANCA;POMARES;1061599972;rlbqdps7c3@hotmail.com;%6^GBTcN;882;5;1
SORAYA;CASARES;1061749584;lyle.potter@yahoo.com;!}$jf6X+;883;5;1
RUFINA;MORALES;1061416344;og2cw62pwnadj2v@msn.com;^^TK3UqV;884;5;1
ABRIL;J?UREGUI;1061824836;regean.johns@ymail.com;F6^s9{up;885;5;1
SANDALIO;SOLERA;1062890015;p2mwa9dnsht@rediffmail.com;9[u9j97P;886;5;1
URBANO;FERR?N;1061341029;owain.carter@gmail.com;dH5Wr(A3;887;5;1
AURELIO;LOZANO;1061322011;xj90qamn4dg@gmail.com;n+6XvjpC;888;5;1
AROA;LAGO;1061957160;cinar.wallace@rediffmail.com;tx93.%cC;889;5;1
CALISTA;JIMENEZ;1062850816;eqjmstqm3avraxq@googlemail.com;3&RnVnc);890;5;1
TE?FILO;CAMPO;1061245070;qasim.gonzalez@outlook.com;Z}F!8Mzp;891;5;1
MILAGROS;PI;1061522550;iq3jxcqzxzhscx700@rediffmail.com;DR7Bzg/L;892;5;0
GONZALO;ROSADO;1061943811;dermot.nolan@msn.com;ZdX6C7H};893;5;1
SOF?A;CHAMBERS;1062132599;15jkk0134xh6lgk@msn.com;9+M]7[Vk;894;5;0
LEANDRO;BRIONES;1061975440;christopher.murray@comcast.net;r{S^8kJ.;895;5;0
ANGELINA;BARRIO;1061537587;2ggqkte6uinyh1nryyq@rediffmail.com;^9s8MyT5;896;5;0
P?O;SOL?;1061473665;isaa.tyson@yahoo.com;(s2%X6$W;897;5;1
LUIS;ALBA;1061773387;oy4td2tcmvs2wtssqw@yahoo.com;>%BmNTn2;898;5;1
BLANCA;BL?ZQUEZ;1062386646;koddi.sanchez@googlemail.com;.-U_2u%k;899;5;1
JOS?;JIM?NEZ;1061237709;zyk95rk5rd1jfcj2rjs4@yahoo.com;?gy8}Ru$;900;5;1
LEONEL;COBOS;1061503632;rhoridh.hull@ymail.com;)@jBM4@L;901;5;0
CALIXTO;FALC?N;1062780464;p7dx4p9w0hm4rtw1@hotmail.com;dV[k7?nz;902;5;1
EUGENIO;OCA?A;1062910891;tubagus.higgins@msn.com;*Aru9$?f;903;5;1
DANIELA;ESTEVE;1062380089;01utxhjwxjq5jzfmh@comcast.net;4bc}e_nX;904;5;1
AMANCIO;SOTELO;1062521220;struan.rivers@yahoo.com;ra^7Kc39;905;5;1
LEOPOLDO;ZABALA;1062468587;qfh3d4ozrmjn@ymail.com;].R2jR.@;906;5;1
PASCUAL;NU?EZ;1061962279;connall.powell@comcast.net;6>Vbsb.U;907;5;1
DIONISIA;NOGU?S;1061449856;f9pq0ccwdb4i@outlook.com;Ma867U(];908;5;1
AMADA;CLEMENTE;1062094853;chin.scott@gmail.com;W]6a]yfU;909;5;1
?SCAR;FEIJOO;1062895783;4ngc4cktgbu@rediffmail.com;4Fy7eq%u;910;5;1
CECILIO;CUETO;1061753125;zachary-marc.tyler@googlemail.com;c?}.39Kn;911;5;1
LEOCADIA;PAZ;1062344678;xyzfhwilg1fsu@rediffmail.com;D_h>Rj8b;912;5;1
ANABEL;MONTES;1062664856;coben.lopez@msn.com;Ay7pv5L_;913;5;0
LILIA;BERM?DEZ;1061339128;mwikb2i05ivr6x37v7@outlook.com;8H+Dd>t[;914;5;1
ADRIANA;TORRENS;1061660514;walter.shannon@gmail.com;!$j.74QR;915;5;0
PEPITA;DE;1062474333;nrxd0i2qz05bnr68xzl@googlemail.com;X@2g!4yj;916;5;0
LUIS;MARIN;1062932837;norrie.martin@gmail.com;ap_2+Naf;917;5;0
ANGELINA;FABRA;1062238677;uzk7l0e3ddk71@outlook.com;7D]rHsg*;918;5;1
CATALINA;ROMERO;1062154419;zuriel.osborn@ymail.com;rRFtQ9Y/;919;5;1
MANUELA;CARRERAS;1062969002;l30dnuqdsq9ui7qf8gzj@googlemail.com;(rg7MXRj;920;5;1
TERESA;SOLARTE;1062254226;dan.farrell@googlemail.com;8zWLn*4V;921;5;1
MARIANELA;RIASCOS;1062514843;2dp40h1yt82gl32@aol.com;Xg4P>(X5;922;5;0
AINARA;JOVER;1061447839;kacper.wolfe@comcast.net;N}m^z8K^;923;5;1
CLAUDIO;COELLO;1062188102;2ujf70qsw96@outlook.com;V{7rFJ)>;924;5;1
ANDR?S;SAINZ;1062650499;bartlomiej.harvey@aol.com;zVpE-TC7;925;5;1
ENCARNACI?N;PE?ALVER;1061906122;02qwggt2yo7p5hozn@rediffmail.com;g2)FmcQ>;926;5;1
F?TIMA;VALDEZ;1062970114;leithen.dillon@msn.com;2)]pAhEQ;927;5;1
MAXIMINO;VERDUGO;1062166164;2f8i01powdl@rediffmail.com;FU_5-bn+;928;5;1
MAR?A;PEREA;1061249847;prabodhan.chang@aol.com;=r[L$8?^;929;5;1
BEATRIZ;CRESPI;1061681215;4ujknobycx7j@aol.com;nY{A^6qw;930;5;1
ELO?SA;?GUILA;1061644433;jonah.nixon@hotmail.com;d{6uZDV/;931;5;1
IB?N;CANET;1062397123;7en92qn5c9rfj0@gmail.com;Q.VL@qQ4;932;5;1
RUFINO;GIL;1062389765;firaaz.cooper@gmail.com;_tNp4G-(;933;5;1
F?LIX;ESPINOSA;1062276810;4zo4qturmxu469nvqat1@aol.com;?db2Y%W_;934;5;0
LUCHO;MANZANARES;1062739287;declan.harper@hotmail.com;fCx5jPg$;935;5;1
ENCARNACION;B?EZ;1062754604;wdqdjg5ofg@yahoo.com;H58ne)H_;936;5;0
JUAN;CALVO;1061354097;daniele.mullins@rediffmail.com;bcGJXV?9;937;5;0
LEONOR;SANJUAN;1061553883;gaj2o0jtvb@googlemail.com;J2-YK{Cu;938;5;0
HERMENEGILDO;ANIBAL;1062918020;dexter.houston@outlook.com;y9Dn&Y9W;939;5;1
LISANDRO;PASTOR;1061996799;0p965fmf3fahhhc0e@comcast.net;+rjHd}6T;940;5;1
ZACAR?AS;AURELIANO;1062481681;seaan.carney@gmail.com;&w3]U}AE;941;5;1
LEYRE;FALC?N;1062625472;9oxn3r79kg4xode53w@gmail.com;+B_c]m2t;942;5;1
PALMIRA;PALOMO;1062208904;brandonlee.mosley@hotmail.com;jqTn8^/u;943;5;0
AMANCIO;CERRO;1061963231;jvvvdjlh6sqtw@ymail.com;3eq}Y_A{;944;5;1
BALTASAR;PRADO-INFANTE;1062196115;dylin.cleveland@comcast.net;3f[q[wVp;945;5;1
MAR?A;PEREA;1061512135;nujis0e2zzsy458lsq@googlemail.com;7g[rqYFD;946;5;1
H?CTOR;CERVERA;1062037051;karl.kinney@yahoo.com;7Ng8@Tk%;947;5;1
MAT?AS;GUERRERO;1061660662;6a60vkrxcvuuo1p07t0y@comcast.net;n3@Epz^C;948;5;1
BENIGNO;GUTIERREZ;1061696930;spondon.dickson@googlemail.com;tU5MxdG-;949;5;1
ARIEL;IB??EZ;1062757737;npmtzwkmsx7u@gmail.com;9rCv35>H;950;5;1
ROM?N;ROJAS;1062380064;dara.kirby@outlook.com;hD25{vmQ;951;5;1
DIMAS;NU?EZ;1061532013;iquu7q4icxnwm@gmail.com;7c-Z2_(V;952;5;1
FERNANDA;REBOLLO;1061633266;jorryn.glenn@yahoo.com;5XMG9[zc;953;5;1
NORBERTO;GARC?S;1061226707;8sunf4m4z4r@aol.com;L>S@8Cx9;954;5;1
CLEMENTINA;GUILLERMO;1062111831;conan.key@ymail.com;gL36T+dC;955;5;0
BRUNILDA;VIGIL;1061722386;gan92gn8lgkvgtt1u3@hotmail.com;5zY}F%k7;956;5;1
ESTER;YANDE;1062221900;eryk.howard@hotmail.com;DJe6&R}e;957;5;0
JONATAN;RIBAS;1061832910;z95wyq8a4acrtj@outlook.com;E9mNp??Q;958;5;0
SUSANITA;BAUZ?;1062144967;sidney.bryan@msn.com;Sn%>W9pX;959;5;0
EMILIANO;DELGADO;1062966106;z9qi6d403uhr0vux9ha1@yahoo.com;8$ahG^]?;960;5;1
PALMIRA;BENITO;1061458204;bertie.pierce@aol.com;pfS6Ks%Q;961;5;1
GRACIA;ROURA;1061134945;fkim10u3n4d@yahoo.com;ek^pTC2W;962;5;1
ARIEL;LAMAS;1062796752;hyden.dodson@ymail.com;.Gc2*>e[;963;5;1
JUAN;BELDA;1061328335;9le4nbmtyv9n3l@ymail.com;>X2]*htW;964;5;0
GUIOMAR;JOAQUIN;1062535802;finlay.reyes@outlook.com;Z)F6v6Vq;965;5;1
MAYTE;SALGADO;1062949603;aedhm5ep2pseubnb@gmail.com;YQe5C@x>;966;5;1
FLORENCIO;VALL?S;1062122946;ajay.dickson@googlemail.com;[[an83TD;967;5;1
PEPITO;LASA;1062830334;66x0mvrj386vyv9tu@googlemail.com;3TjXFG_m;968;5;1
AITANA;LARRA?AGA;1062994981;heyden.moon@gmail.com;m9&3twtK;969;5;1
LUIS;ALVARADO;1061251063;5tzjqwpszqaqwc@gmail.com;)U8c%brA;970;5;1
HERMINIO;BORRELL;1061366681;michee.sparks@rediffmail.com;Bs9^nNX@;971;5;1
PRIMITIVA;LUISA;1061336314;am52t1eln9440@rediffmail.com;n49x^>P/;972;5;1
EVANGELINA;MENA;1062254370;kieron.glover@msn.com;8MD?4Net;973;5;1
CELIA;JUAN;1061814157;ngmcc48s0ms@hotmail.com;T2r/^!g&;974;5;1
OLIVIA;SIMPSON;1061872810;marcous.white@aol.com;Q}^YUw3m;975;5;1
JUAN;CRAIG;1062836475;4ewdje69zrhjl2m9@rediffmail.com;?4/m=Knz;976;5;0
CARINA;VI?AS;1061250400;mantej.mcfadden@rediffmail.com;Q/6n+(6_;977;5;1
AMBROSIO;VALENZUELA;1061403104;1fws32u9kw6t6@aol.com;cjq6uH{?;978;5;0
ILDEFONSO;BAYO;1062428103;emanuel.william@yahoo.com;4L*>3?9k;979;5;0
EDELMIRA;RIASCOS;1062478307;tcyqt3ivvdw98a91r7@googlemail.com;(mtA5)!d;980;5;0
SOCORRO;IB??EZ;1061762128;luk.rhodes@ymail.com;_3rDg(sX;981;5;1
CALIXTO;MESA;1061209852;2k7kd2jh6fx8a3uhli@ymail.com;&(9hAr!b;982;5;1
SEVERIANO;NADAL;1061587097;issiaka.beach@comcast.net;/$eZk5SF;983;5;1
OLIMPIA;SOLARTE;1061426230;qchdfjihpd@comcast.net;VFg4}4>b;984;5;1
VITO;OCA?A;1062993244;jerome.dennis@outlook.com;hK[u8dGz;985;5;0
TEODOSIO;FABREGAT;1061309520;ovf2rhcxn0xe@comcast.net;y]yX%z7[;986;5;1
JUAN;?A?ES;1061775575;ahoua.monroe@gmail.com;P_G{X6_f;987;5;1
OLIVIA;CORTINA;1061343078;4gr88w70x7qlmq@comcast.net;{tn2Se?j;988;5;1
NICANOR;SACRIST?N;1062520580;dhani.bartlett@msn.com;V57gEZ!F;989;5;1
ELENA;M??IZ;1061275667;ngohfsptbojjg4am5@comcast.net;JF(J2Skx;990;5;1
ADRIANA;ABELLA;1061806402;aron.wallace@outlook.com;74x)W9Ub;991;5;1
Y?SICA;PARDO;1062319301;t1sy701x3opwmg3ad@hotmail.com;*7}_AqJj;992;5;1
LUIS;?LVAREZ;1061660064;nikhil.maynard@yahoo.com;(>Fw9{u];993;5;1
JOSU?;HIGUERAS;1062772992;gtvz8nvbyz5ksrp41rno@gmail.com;>D6rrNVW;994;5;1
MONTSERRAT;BELTRAN;1061185179;lovell.hanson@rediffmail.com;a2)B)qnQ;995;5;1
BERTA;CASAS;1061160806;rptmu284i6j21i2351q@ymail.com;2C5Ffv/U;996;5;1
ASUNCI?N;WHITE;1062001559;kasey.mclaughlin@aol.com;xZ$m786N;997;5;0
NILO;IZAGUIRRE;1061835707;3xj6n5jfi7@outlook.com;M9Z2e?ZQ;998;5;1
MERCEDES;L?PEZ;1062841558;kofi.vega@hotmail.com;3x7?Ysbc;999;5;0
BYRON;CEVALLOS;1061231783;brgwfk0u5bba2x2m@aol.com;m&U%+e3{;1000;5;0
